,visit_date,air_area_name,air_genre_name,air_store_id,visitors,latitude,longitude,day_of_week,holiday_flg,visit_date2
3,1/1/2016,Fukuoka-ken Fukuoka-shi Daimyō,Izakaya,50,33,33.589215700000004,130.3928134,Friday,1,2016-01-01
23357,1/6/2016,Fukuoka-ken Fukuoka-shi Daimyō,Izakaya,50,17,33.589215700000004,130.3928134,Wednesday,0,2016-01-06
24327,1/7/2016,Fukuoka-ken Fukuoka-shi Daimyō,Izakaya,50,15,33.589215700000004,130.3928134,Thursday,0,2016-01-07
25328,1/8/2016,Fukuoka-ken Fukuoka-shi Daimyō,Izakaya,50,31,33.589215700000004,130.3928134,Friday,0,2016-01-08
26216,1/9/2016,Fukuoka-ken Fukuoka-shi Daimyō,Izakaya,50,22,33.589215700000004,130.3928134,Saturday,0,2016-01-09
216,1/10/2016,Fukuoka-ken Fukuoka-shi Daimyō,Izakaya,50,55,33.589215700000004,130.3928134,Sunday,0,2016-01-10
1101,1/11/2016,Fukuoka-ken Fukuoka-shi Daimyō,Izakaya,50,36,33.589215700000004,130.3928134,Monday,1,2016-01-11
1997,1/12/2016,Fukuoka-ken Fukuoka-shi Daimyō,Izakaya,50,54,33.589215700000004,130.3928134,Tuesday,0,2016-01-12
2972,1/13/2016,Fukuoka-ken Fukuoka-shi Daimyō,Izakaya,50,18,33.589215700000004,130.3928134,Wednesday,0,2016-01-13
4010,1/14/2016,Fukuoka-ken Fukuoka-shi Daimyō,Izakaya,50,22,33.589215700000004,130.3928134,Thursday,0,2016-01-14
5053,1/15/2016,Fukuoka-ken Fukuoka-shi Daimyō,Izakaya,50,18,33.589215700000004,130.3928134,Friday,0,2016-01-15
5929,1/16/2016,Fukuoka-ken Fukuoka-shi Daimyō,Izakaya,50,51,33.589215700000004,130.3928134,Saturday,0,2016-01-16
6857,1/17/2016,Fukuoka-ken Fukuoka-shi Daimyō,Izakaya,50,27,33.589215700000004,130.3928134,Sunday,0,2016-01-17
7765,1/18/2016,Fukuoka-ken Fukuoka-shi Daimyō,Izakaya,50,14,33.589215700000004,130.3928134,Monday,0,2016-01-18
8700,1/19/2016,Fukuoka-ken Fukuoka-shi Daimyō,Izakaya,50,24,33.589215700000004,130.3928134,Tuesday,0,2016-01-19
9972,1/20/2016,Fukuoka-ken Fukuoka-shi Daimyō,Izakaya,50,14,33.589215700000004,130.3928134,Wednesday,0,2016-01-20
11016,1/21/2016,Fukuoka-ken Fukuoka-shi Daimyō,Izakaya,50,17,33.589215700000004,130.3928134,Thursday,0,2016-01-21
12057,1/22/2016,Fukuoka-ken Fukuoka-shi Daimyō,Izakaya,50,50,33.589215700000004,130.3928134,Friday,0,2016-01-22
12949,1/23/2016,Fukuoka-ken Fukuoka-shi Daimyō,Izakaya,50,27,33.589215700000004,130.3928134,Saturday,0,2016-01-23
13867,1/24/2016,Fukuoka-ken Fukuoka-shi Daimyō,Izakaya,50,22,33.589215700000004,130.3928134,Sunday,0,2016-01-24
14785,1/25/2016,Fukuoka-ken Fukuoka-shi Daimyō,Izakaya,50,17,33.589215700000004,130.3928134,Monday,0,2016-01-25
15752,1/26/2016,Fukuoka-ken Fukuoka-shi Daimyō,Izakaya,50,44,33.589215700000004,130.3928134,Tuesday,0,2016-01-26
16766,1/27/2016,Fukuoka-ken Fukuoka-shi Daimyō,Izakaya,50,25,33.589215700000004,130.3928134,Wednesday,0,2016-01-27
17820,1/28/2016,Fukuoka-ken Fukuoka-shi Daimyō,Izakaya,50,23,33.589215700000004,130.3928134,Thursday,0,2016-01-28
18859,1/29/2016,Fukuoka-ken Fukuoka-shi Daimyō,Izakaya,50,48,33.589215700000004,130.3928134,Friday,0,2016-01-29
20097,1/30/2016,Fukuoka-ken Fukuoka-shi Daimyō,Izakaya,50,32,33.589215700000004,130.3928134,Saturday,0,2016-01-30
21026,1/31/2016,Fukuoka-ken Fukuoka-shi Daimyō,Izakaya,50,21,33.589215700000004,130.3928134,Sunday,0,2016-01-31
90943,2/1/2016,Fukuoka-ken Fukuoka-shi Daimyō,Izakaya,50,16,33.589215700000004,130.3928134,Monday,0,2016-02-01
101621,2/2/2016,Fukuoka-ken Fukuoka-shi Daimyō,Izakaya,50,30,33.589215700000004,130.3928134,Tuesday,0,2016-02-02
111580,2/3/2016,Fukuoka-ken Fukuoka-shi Daimyō,Izakaya,50,21,33.589215700000004,130.3928134,Wednesday,0,2016-02-03
112629,2/4/2016,Fukuoka-ken Fukuoka-shi Daimyō,Izakaya,50,23,33.589215700000004,130.3928134,Thursday,0,2016-02-04
113681,2/5/2016,Fukuoka-ken Fukuoka-shi Daimyō,Izakaya,50,43,33.589215700000004,130.3928134,Friday,0,2016-02-05
114564,2/6/2016,Fukuoka-ken Fukuoka-shi Daimyō,Izakaya,50,62,33.589215700000004,130.3928134,Saturday,0,2016-02-06
115489,2/7/2016,Fukuoka-ken Fukuoka-shi Daimyō,Izakaya,50,28,33.589215700000004,130.3928134,Sunday,0,2016-02-07
116395,2/8/2016,Fukuoka-ken Fukuoka-shi Daimyō,Izakaya,50,33,33.589215700000004,130.3928134,Monday,0,2016-02-08
117353,2/9/2016,Fukuoka-ken Fukuoka-shi Daimyō,Izakaya,50,13,33.589215700000004,130.3928134,Tuesday,0,2016-02-09
91895,2/10/2016,Fukuoka-ken Fukuoka-shi Daimyō,Izakaya,50,36,33.589215700000004,130.3928134,Wednesday,0,2016-02-10
92947,2/11/2016,Fukuoka-ken Fukuoka-shi Daimyō,Izakaya,50,28,33.589215700000004,130.3928134,Thursday,1,2016-02-11
93943,2/12/2016,Fukuoka-ken Fukuoka-shi Daimyō,Izakaya,50,41,33.589215700000004,130.3928134,Friday,0,2016-02-12
94800,2/13/2016,Fukuoka-ken Fukuoka-shi Daimyō,Izakaya,50,29,33.589215700000004,130.3928134,Saturday,0,2016-02-13
95728,2/14/2016,Fukuoka-ken Fukuoka-shi Daimyō,Izakaya,50,16,33.589215700000004,130.3928134,Sunday,0,2016-02-14
96668,2/15/2016,Fukuoka-ken Fukuoka-shi Daimyō,Izakaya,50,9,33.589215700000004,130.3928134,Monday,0,2016-02-15
97634,2/16/2016,Fukuoka-ken Fukuoka-shi Daimyō,Izakaya,50,16,33.589215700000004,130.3928134,Tuesday,0,2016-02-16
98645,2/17/2016,Fukuoka-ken Fukuoka-shi Daimyō,Izakaya,50,30,33.589215700000004,130.3928134,Wednesday,0,2016-02-17
99690,2/18/2016,Fukuoka-ken Fukuoka-shi Daimyō,Izakaya,50,18,33.589215700000004,130.3928134,Thursday,0,2016-02-18
100729,2/19/2016,Fukuoka-ken Fukuoka-shi Daimyō,Izakaya,50,48,33.589215700000004,130.3928134,Friday,0,2016-02-19
102638,2/20/2016,Fukuoka-ken Fukuoka-shi Daimyō,Izakaya,50,18,33.589215700000004,130.3928134,Saturday,0,2016-02-20
103558,2/21/2016,Fukuoka-ken Fukuoka-shi Daimyō,Izakaya,50,45,33.589215700000004,130.3928134,Sunday,0,2016-02-21
104476,2/22/2016,Fukuoka-ken Fukuoka-shi Daimyō,Izakaya,50,69,33.589215700000004,130.3928134,Monday,0,2016-02-22
105431,2/23/2016,Fukuoka-ken Fukuoka-shi Daimyō,Izakaya,50,31,33.589215700000004,130.3928134,Tuesday,0,2016-02-23
106444,2/24/2016,Fukuoka-ken Fukuoka-shi Daimyō,Izakaya,50,26,33.589215700000004,130.3928134,Wednesday,0,2016-02-24
107491,2/25/2016,Fukuoka-ken Fukuoka-shi Daimyō,Izakaya,50,25,33.589215700000004,130.3928134,Thursday,0,2016-02-25
108542,2/26/2016,Fukuoka-ken Fukuoka-shi Daimyō,Izakaya,50,32,33.589215700000004,130.3928134,Friday,0,2016-02-26
109440,2/27/2016,Fukuoka-ken Fukuoka-shi Daimyō,Izakaya,50,41,33.589215700000004,130.3928134,Saturday,0,2016-02-27
110387,2/28/2016,Fukuoka-ken Fukuoka-shi Daimyō,Izakaya,50,30,33.589215700000004,130.3928134,Sunday,0,2016-02-28
111346,2/29/2016,Fukuoka-ken Fukuoka-shi Daimyō,Izakaya,50,15,33.589215700000004,130.3928134,Monday,0,2016-02-29
118360,3/1/2016,Fukuoka-ken Fukuoka-shi Daimyō,Izakaya,50,28,33.589215700000004,130.3928134,Tuesday,0,2016-03-01
129342,3/2/2016,Fukuoka-ken Fukuoka-shi Daimyō,Izakaya,50,36,33.589215700000004,130.3928134,Wednesday,0,2016-03-02
139960,3/3/2016,Fukuoka-ken Fukuoka-shi Daimyō,Izakaya,50,9,33.589215700000004,130.3928134,Thursday,0,2016-03-03
143139,3/4/2016,Fukuoka-ken Fukuoka-shi Daimyō,Izakaya,50,13,33.589215700000004,130.3928134,Friday,0,2016-03-04
144210,3/5/2016,Fukuoka-ken Fukuoka-shi Daimyō,Izakaya,50,30,33.589215700000004,130.3928134,Saturday,0,2016-03-05
145089,3/6/2016,Fukuoka-ken Fukuoka-shi Daimyō,Izakaya,50,38,33.589215700000004,130.3928134,Sunday,0,2016-03-06
145955,3/7/2016,Fukuoka-ken Fukuoka-shi Daimyō,Izakaya,50,52,33.589215700000004,130.3928134,Monday,0,2016-03-07
146910,3/8/2016,Fukuoka-ken Fukuoka-shi Daimyō,Izakaya,50,20,33.589215700000004,130.3928134,Tuesday,0,2016-03-08
147914,3/9/2016,Fukuoka-ken Fukuoka-shi Daimyō,Izakaya,50,22,33.589215700000004,130.3928134,Wednesday,0,2016-03-09
119352,3/10/2016,Fukuoka-ken Fukuoka-shi Daimyō,Izakaya,50,29,33.589215700000004,130.3928134,Thursday,0,2016-03-10
120416,3/11/2016,Fukuoka-ken Fukuoka-shi Daimyō,Izakaya,50,27,33.589215700000004,130.3928134,Friday,0,2016-03-11
121486,3/12/2016,Fukuoka-ken Fukuoka-shi Daimyō,Izakaya,50,41,33.589215700000004,130.3928134,Saturday,0,2016-03-12
122381,3/13/2016,Fukuoka-ken Fukuoka-shi Daimyō,Izakaya,50,17,33.589215700000004,130.3928134,Sunday,0,2016-03-13
123265,3/14/2016,Fukuoka-ken Fukuoka-shi Daimyō,Izakaya,50,29,33.589215700000004,130.3928134,Monday,0,2016-03-14
124230,3/15/2016,Fukuoka-ken Fukuoka-shi Daimyō,Izakaya,50,23,33.589215700000004,130.3928134,Tuesday,0,2016-03-15
125239,3/16/2016,Fukuoka-ken Fukuoka-shi Daimyō,Izakaya,50,52,33.589215700000004,130.3928134,Wednesday,0,2016-03-16
126273,3/17/2016,Fukuoka-ken Fukuoka-shi Daimyō,Izakaya,50,37,33.589215700000004,130.3928134,Thursday,0,2016-03-17
127353,3/18/2016,Fukuoka-ken Fukuoka-shi Daimyō,Izakaya,50,86,33.589215700000004,130.3928134,Friday,0,2016-03-18
128420,3/19/2016,Fukuoka-ken Fukuoka-shi Daimyō,Izakaya,50,48,33.589215700000004,130.3928134,Saturday,0,2016-03-19
130357,3/20/2016,Fukuoka-ken Fukuoka-shi Daimyō,Izakaya,50,40,33.589215700000004,130.3928134,Sunday,1,2016-03-20
131147,3/21/2016,Fukuoka-ken Fukuoka-shi Daimyō,Izakaya,50,47,33.589215700000004,130.3928134,Monday,1,2016-03-21
132023,3/22/2016,Fukuoka-ken Fukuoka-shi Daimyō,Izakaya,50,15,33.589215700000004,130.3928134,Tuesday,0,2016-03-22
133018,3/23/2016,Fukuoka-ken Fukuoka-shi Daimyō,Izakaya,50,55,33.589215700000004,130.3928134,Wednesday,0,2016-03-23
134056,3/24/2016,Fukuoka-ken Fukuoka-shi Daimyō,Izakaya,50,42,33.589215700000004,130.3928134,Thursday,0,2016-03-24
135117,3/25/2016,Fukuoka-ken Fukuoka-shi Daimyō,Izakaya,50,57,33.589215700000004,130.3928134,Friday,0,2016-03-25
136194,3/26/2016,Fukuoka-ken Fukuoka-shi Daimyō,Izakaya,50,36,33.589215700000004,130.3928134,Saturday,0,2016-03-26
137081,3/27/2016,Fukuoka-ken Fukuoka-shi Daimyō,Izakaya,50,62,33.589215700000004,130.3928134,Sunday,0,2016-03-27
137970,3/28/2016,Fukuoka-ken Fukuoka-shi Daimyō,Izakaya,50,42,33.589215700000004,130.3928134,Monday,0,2016-03-28
138949,3/29/2016,Fukuoka-ken Fukuoka-shi Daimyō,Izakaya,50,53,33.589215700000004,130.3928134,Tuesday,0,2016-03-29
141029,3/30/2016,Fukuoka-ken Fukuoka-shi Daimyō,Izakaya,50,48,33.589215700000004,130.3928134,Wednesday,0,2016-03-30
142070,3/31/2016,Fukuoka-ken Fukuoka-shi Daimyō,Izakaya,50,23,33.589215700000004,130.3928134,Thursday,0,2016-03-31
148932,4/1/2016,Fukuoka-ken Fukuoka-shi Daimyō,Izakaya,50,35,33.589215700000004,130.3928134,Friday,0,2016-04-01
159709,4/2/2016,Fukuoka-ken Fukuoka-shi Daimyō,Izakaya,50,55,33.589215700000004,130.3928134,Saturday,0,2016-04-02
165661,4/3/2016,Fukuoka-ken Fukuoka-shi Daimyō,Izakaya,50,23,33.589215700000004,130.3928134,Sunday,0,2016-04-03
166802,4/4/2016,Fukuoka-ken Fukuoka-shi Daimyō,Izakaya,50,35,33.589215700000004,130.3928134,Monday,0,2016-04-04
167760,4/5/2016,Fukuoka-ken Fukuoka-shi Daimyō,Izakaya,50,35,33.589215700000004,130.3928134,Tuesday,0,2016-04-05
168760,4/6/2016,Fukuoka-ken Fukuoka-shi Daimyō,Izakaya,50,9,33.589215700000004,130.3928134,Wednesday,0,2016-04-06
169780,4/7/2016,Fukuoka-ken Fukuoka-shi Daimyō,Izakaya,50,24,33.589215700000004,130.3928134,Thursday,0,2016-04-07
170843,4/8/2016,Fukuoka-ken Fukuoka-shi Daimyō,Izakaya,50,44,33.589215700000004,130.3928134,Friday,0,2016-04-08
171909,4/9/2016,Fukuoka-ken Fukuoka-shi Daimyō,Izakaya,50,29,33.589215700000004,130.3928134,Saturday,0,2016-04-09
149995,4/10/2016,Fukuoka-ken Fukuoka-shi Daimyō,Izakaya,50,51,33.589215700000004,130.3928134,Sunday,0,2016-04-10
150868,4/11/2016,Fukuoka-ken Fukuoka-shi Daimyō,Izakaya,50,46,33.589215700000004,130.3928134,Monday,0,2016-04-11
151818,4/12/2016,Fukuoka-ken Fukuoka-shi Daimyō,Izakaya,50,40,33.589215700000004,130.3928134,Tuesday,0,2016-04-12
152808,4/13/2016,Fukuoka-ken Fukuoka-shi Daimyō,Izakaya,50,27,33.589215700000004,130.3928134,Wednesday,0,2016-04-13
153842,4/14/2016,Fukuoka-ken Fukuoka-shi Daimyō,Izakaya,50,25,33.589215700000004,130.3928134,Thursday,0,2016-04-14
154922,4/15/2016,Fukuoka-ken Fukuoka-shi Daimyō,Izakaya,50,43,33.589215700000004,130.3928134,Friday,0,2016-04-15
155989,4/16/2016,Fukuoka-ken Fukuoka-shi Daimyō,Izakaya,50,43,33.589215700000004,130.3928134,Saturday,0,2016-04-16
156885,4/17/2016,Fukuoka-ken Fukuoka-shi Daimyō,Izakaya,50,29,33.589215700000004,130.3928134,Sunday,0,2016-04-17
157745,4/18/2016,Fukuoka-ken Fukuoka-shi Daimyō,Izakaya,50,28,33.589215700000004,130.3928134,Monday,0,2016-04-18
158704,4/19/2016,Fukuoka-ken Fukuoka-shi Daimyō,Izakaya,50,33,33.589215700000004,130.3928134,Tuesday,0,2016-04-19
160595,4/20/2016,Fukuoka-ken Fukuoka-shi Daimyō,Izakaya,50,26,33.589215700000004,130.3928134,Wednesday,0,2016-04-20
161624,4/21/2016,Fukuoka-ken Fukuoka-shi Daimyō,Izakaya,50,15,33.589215700000004,130.3928134,Thursday,0,2016-04-21
162697,4/22/2016,Fukuoka-ken Fukuoka-shi Daimyō,Izakaya,50,58,33.589215700000004,130.3928134,Friday,0,2016-04-22
163770,4/23/2016,Fukuoka-ken Fukuoka-shi Daimyō,Izakaya,50,18,33.589215700000004,130.3928134,Saturday,0,2016-04-23
164061,4/24/2016,Fukuoka-ken Fukuoka-shi Daimyō,Izakaya,50,23,33.589215700000004,130.3928134,Sunday,0,2016-04-24
164281,4/25/2016,Fukuoka-ken Fukuoka-shi Daimyō,Izakaya,50,28,33.589215700000004,130.3928134,Monday,0,2016-04-25
164522,4/26/2016,Fukuoka-ken Fukuoka-shi Daimyō,Izakaya,50,37,33.589215700000004,130.3928134,Tuesday,0,2016-04-26
164804,4/27/2016,Fukuoka-ken Fukuoka-shi Daimyō,Izakaya,50,32,33.589215700000004,130.3928134,Wednesday,0,2016-04-27
165090,4/28/2016,Fukuoka-ken Fukuoka-shi Daimyō,Izakaya,50,21,33.589215700000004,130.3928134,Thursday,0,2016-04-28
165384,4/29/2016,Fukuoka-ken Fukuoka-shi Daimyō,Izakaya,50,46,33.589215700000004,130.3928134,Friday,1,2016-04-29
166525,4/30/2016,Fukuoka-ken Fukuoka-shi Daimyō,Izakaya,50,47,33.589215700000004,130.3928134,Saturday,0,2016-04-30
172787,5/1/2016,Fukuoka-ken Fukuoka-shi Daimyō,Izakaya,50,54,33.589215700000004,130.3928134,Sunday,0,2016-05-01
175715,5/2/2016,Fukuoka-ken Fukuoka-shi Daimyō,Izakaya,50,68,33.589215700000004,130.3928134,Monday,0,2016-05-02
178680,5/3/2016,Fukuoka-ken Fukuoka-shi Daimyō,Izakaya,50,65,33.589215700000004,130.3928134,Tuesday,1,2016-05-03
179451,5/4/2016,Fukuoka-ken Fukuoka-shi Daimyō,Izakaya,50,79,33.589215700000004,130.3928134,Wednesday,1,2016-05-04
179685,5/5/2016,Fukuoka-ken Fukuoka-shi Daimyō,Izakaya,50,42,33.589215700000004,130.3928134,Thursday,1,2016-05-05
179923,5/6/2016,Fukuoka-ken Fukuoka-shi Daimyō,Izakaya,50,25,33.589215700000004,130.3928134,Friday,0,2016-05-06
180217,5/7/2016,Fukuoka-ken Fukuoka-shi Daimyō,Izakaya,50,44,33.589215700000004,130.3928134,Saturday,0,2016-05-07
180498,5/8/2016,Fukuoka-ken Fukuoka-shi Daimyō,Izakaya,50,24,33.589215700000004,130.3928134,Sunday,0,2016-05-08
180721,5/9/2016,Fukuoka-ken Fukuoka-shi Daimyō,Izakaya,50,35,33.589215700000004,130.3928134,Monday,0,2016-05-09
173013,5/10/2016,Fukuoka-ken Fukuoka-shi Daimyō,Izakaya,50,3,33.589215700000004,130.3928134,Tuesday,0,2016-05-10
173278,5/11/2016,Fukuoka-ken Fukuoka-shi Daimyō,Izakaya,50,6,33.589215700000004,130.3928134,Wednesday,0,2016-05-11
173550,5/12/2016,Fukuoka-ken Fukuoka-shi Daimyō,Izakaya,50,21,33.589215700000004,130.3928134,Thursday,0,2016-05-12
173836,5/13/2016,Fukuoka-ken Fukuoka-shi Daimyō,Izakaya,50,54,33.589215700000004,130.3928134,Friday,0,2016-05-13
174137,5/14/2016,Fukuoka-ken Fukuoka-shi Daimyō,Izakaya,50,37,33.589215700000004,130.3928134,Saturday,0,2016-05-14
174423,5/15/2016,Fukuoka-ken Fukuoka-shi Daimyō,Izakaya,50,32,33.589215700000004,130.3928134,Sunday,0,2016-05-15
174637,5/16/2016,Fukuoka-ken Fukuoka-shi Daimyō,Izakaya,50,28,33.589215700000004,130.3928134,Monday,0,2016-05-16
174874,5/17/2016,Fukuoka-ken Fukuoka-shi Daimyō,Izakaya,50,11,33.589215700000004,130.3928134,Tuesday,0,2016-05-17
175148,5/18/2016,Fukuoka-ken Fukuoka-shi Daimyō,Izakaya,50,24,33.589215700000004,130.3928134,Wednesday,0,2016-05-18
175431,5/19/2016,Fukuoka-ken Fukuoka-shi Daimyō,Izakaya,50,19,33.589215700000004,130.3928134,Thursday,0,2016-05-19
175958,5/20/2016,Fukuoka-ken Fukuoka-shi Daimyō,Izakaya,50,35,33.589215700000004,130.3928134,Friday,0,2016-05-20
176261,5/21/2016,Fukuoka-ken Fukuoka-shi Daimyō,Izakaya,50,63,33.589215700000004,130.3928134,Saturday,0,2016-05-21
176553,5/22/2016,Fukuoka-ken Fukuoka-shi Daimyō,Izakaya,50,46,33.589215700000004,130.3928134,Sunday,0,2016-05-22
176773,5/23/2016,Fukuoka-ken Fukuoka-shi Daimyō,Izakaya,50,46,33.589215700000004,130.3928134,Monday,0,2016-05-23
177014,5/24/2016,Fukuoka-ken Fukuoka-shi Daimyō,Izakaya,50,33,33.589215700000004,130.3928134,Tuesday,0,2016-05-24
177289,5/25/2016,Fukuoka-ken Fukuoka-shi Daimyō,Izakaya,50,28,33.589215700000004,130.3928134,Wednesday,0,2016-05-25
177572,5/26/2016,Fukuoka-ken Fukuoka-shi Daimyō,Izakaya,50,40,33.589215700000004,130.3928134,Thursday,0,2016-05-26
177860,5/27/2016,Fukuoka-ken Fukuoka-shi Daimyō,Izakaya,50,20,33.589215700000004,130.3928134,Friday,0,2016-05-27
178160,5/28/2016,Fukuoka-ken Fukuoka-shi Daimyō,Izakaya,50,41,33.589215700000004,130.3928134,Saturday,0,2016-05-28
178457,5/29/2016,Fukuoka-ken Fukuoka-shi Daimyō,Izakaya,50,27,33.589215700000004,130.3928134,Sunday,0,2016-05-29
178927,5/30/2016,Fukuoka-ken Fukuoka-shi Daimyō,Izakaya,50,35,33.589215700000004,130.3928134,Monday,0,2016-05-30
179169,5/31/2016,Fukuoka-ken Fukuoka-shi Daimyō,Izakaya,50,77,33.589215700000004,130.3928134,Tuesday,0,2016-05-31
180950,6/1/2016,Fukuoka-ken Fukuoka-shi Daimyō,Izakaya,50,52,33.589215700000004,130.3928134,Wednesday,0,2016-06-01
183991,6/2/2016,Fukuoka-ken Fukuoka-shi Daimyō,Izakaya,50,37,33.589215700000004,130.3928134,Thursday,0,2016-06-02
187005,6/3/2016,Fukuoka-ken Fukuoka-shi Daimyō,Izakaya,50,45,33.589215700000004,130.3928134,Friday,0,2016-06-03
187597,6/4/2016,Fukuoka-ken Fukuoka-shi Daimyō,Izakaya,50,47,33.589215700000004,130.3928134,Saturday,0,2016-06-04
187883,6/5/2016,Fukuoka-ken Fukuoka-shi Daimyō,Izakaya,50,46,33.589215700000004,130.3928134,Sunday,0,2016-06-05
188106,6/6/2016,Fukuoka-ken Fukuoka-shi Daimyō,Izakaya,50,32,33.589215700000004,130.3928134,Monday,0,2016-06-06
188346,6/7/2016,Fukuoka-ken Fukuoka-shi Daimyō,Izakaya,50,37,33.589215700000004,130.3928134,Tuesday,0,2016-06-07
188624,6/8/2016,Fukuoka-ken Fukuoka-shi Daimyō,Izakaya,50,41,33.589215700000004,130.3928134,Wednesday,0,2016-06-08
188909,6/9/2016,Fukuoka-ken Fukuoka-shi Daimyō,Izakaya,50,16,33.589215700000004,130.3928134,Thursday,0,2016-06-09
181239,6/10/2016,Fukuoka-ken Fukuoka-shi Daimyō,Izakaya,50,43,33.589215700000004,130.3928134,Friday,0,2016-06-10
181542,6/11/2016,Fukuoka-ken Fukuoka-shi Daimyō,Izakaya,50,66,33.589215700000004,130.3928134,Saturday,0,2016-06-11
181837,6/12/2016,Fukuoka-ken Fukuoka-shi Daimyō,Izakaya,50,31,33.589215700000004,130.3928134,Sunday,0,2016-06-12
182064,6/13/2016,Fukuoka-ken Fukuoka-shi Daimyō,Izakaya,50,37,33.589215700000004,130.3928134,Monday,0,2016-06-13
182313,6/14/2016,Fukuoka-ken Fukuoka-shi Daimyō,Izakaya,50,34,33.589215700000004,130.3928134,Tuesday,0,2016-06-14
182591,6/15/2016,Fukuoka-ken Fukuoka-shi Daimyō,Izakaya,50,30,33.589215700000004,130.3928134,Wednesday,0,2016-06-15
182872,6/16/2016,Fukuoka-ken Fukuoka-shi Daimyō,Izakaya,50,19,33.589215700000004,130.3928134,Thursday,0,2016-06-16
183159,6/17/2016,Fukuoka-ken Fukuoka-shi Daimyō,Izakaya,50,30,33.589215700000004,130.3928134,Friday,0,2016-06-17
183464,6/18/2016,Fukuoka-ken Fukuoka-shi Daimyō,Izakaya,50,61,33.589215700000004,130.3928134,Saturday,0,2016-06-18
183761,6/19/2016,Fukuoka-ken Fukuoka-shi Daimyō,Izakaya,50,32,33.589215700000004,130.3928134,Sunday,0,2016-06-19
184267,6/20/2016,Fukuoka-ken Fukuoka-shi Daimyō,Izakaya,50,13,33.589215700000004,130.3928134,Monday,0,2016-06-20
184512,6/21/2016,Fukuoka-ken Fukuoka-shi Daimyō,Izakaya,50,32,33.589215700000004,130.3928134,Tuesday,0,2016-06-21
184789,6/22/2016,Fukuoka-ken Fukuoka-shi Daimyō,Izakaya,50,4,33.589215700000004,130.3928134,Wednesday,0,2016-06-22
185070,6/23/2016,Fukuoka-ken Fukuoka-shi Daimyō,Izakaya,50,19,33.589215700000004,130.3928134,Thursday,0,2016-06-23
185360,6/24/2016,Fukuoka-ken Fukuoka-shi Daimyō,Izakaya,50,40,33.589215700000004,130.3928134,Friday,0,2016-06-24
185663,6/25/2016,Fukuoka-ken Fukuoka-shi Daimyō,Izakaya,50,53,33.589215700000004,130.3928134,Saturday,0,2016-06-25
185957,6/26/2016,Fukuoka-ken Fukuoka-shi Daimyō,Izakaya,50,67,33.589215700000004,130.3928134,Sunday,0,2016-06-26
186187,6/27/2016,Fukuoka-ken Fukuoka-shi Daimyō,Izakaya,50,25,33.589215700000004,130.3928134,Monday,0,2016-06-27
186431,6/28/2016,Fukuoka-ken Fukuoka-shi Daimyō,Izakaya,50,42,33.589215700000004,130.3928134,Tuesday,0,2016-06-28
186719,6/29/2016,Fukuoka-ken Fukuoka-shi Daimyō,Izakaya,50,42,33.589215700000004,130.3928134,Wednesday,0,2016-06-29
187304,6/30/2016,Fukuoka-ken Fukuoka-shi Daimyō,Izakaya,50,33,33.589215700000004,130.3928134,Thursday,0,2016-06-30
189230,7/1/2016,Fukuoka-ken Fukuoka-shi Daimyō,Izakaya,50,34,33.589215700000004,130.3928134,Friday,0,2016-07-01
196628,7/2/2016,Fukuoka-ken Fukuoka-shi Daimyō,Izakaya,50,64,33.589215700000004,130.3928134,Saturday,0,2016-07-02
204446,7/3/2016,Fukuoka-ken Fukuoka-shi Daimyō,Izakaya,50,33,33.589215700000004,130.3928134,Sunday,0,2016-07-03
206360,7/4/2016,Fukuoka-ken Fukuoka-shi Daimyō,Izakaya,50,28,33.589215700000004,130.3928134,Monday,0,2016-07-04
206982,7/5/2016,Fukuoka-ken Fukuoka-shi Daimyō,Izakaya,50,25,33.589215700000004,130.3928134,Tuesday,0,2016-07-05
207685,7/6/2016,Fukuoka-ken Fukuoka-shi Daimyō,Izakaya,50,22,33.589215700000004,130.3928134,Wednesday,0,2016-07-06
208404,7/7/2016,Fukuoka-ken Fukuoka-shi Daimyō,Izakaya,50,6,33.589215700000004,130.3928134,Thursday,0,2016-07-07
209142,7/8/2016,Fukuoka-ken Fukuoka-shi Daimyō,Izakaya,50,29,33.589215700000004,130.3928134,Friday,0,2016-07-08
209908,7/9/2016,Fukuoka-ken Fukuoka-shi Daimyō,Izakaya,50,62,33.589215700000004,130.3928134,Saturday,0,2016-07-09
189981,7/10/2016,Fukuoka-ken Fukuoka-shi Daimyō,Izakaya,50,37,33.589215700000004,130.3928134,Sunday,0,2016-07-10
190559,7/11/2016,Fukuoka-ken Fukuoka-shi Daimyō,Izakaya,50,23,33.589215700000004,130.3928134,Monday,0,2016-07-11
191189,7/12/2016,Fukuoka-ken Fukuoka-shi Daimyō,Izakaya,50,20,33.589215700000004,130.3928134,Tuesday,0,2016-07-12
191893,7/13/2016,Fukuoka-ken Fukuoka-shi Daimyō,Izakaya,50,36,33.589215700000004,130.3928134,Wednesday,0,2016-07-13
192599,7/14/2016,Fukuoka-ken Fukuoka-shi Daimyō,Izakaya,50,25,33.589215700000004,130.3928134,Thursday,0,2016-07-14
193341,7/15/2016,Fukuoka-ken Fukuoka-shi Daimyō,Izakaya,50,21,33.589215700000004,130.3928134,Friday,0,2016-07-15
194105,7/16/2016,Fukuoka-ken Fukuoka-shi Daimyō,Izakaya,50,27,33.589215700000004,130.3928134,Saturday,0,2016-07-16
194843,7/17/2016,Fukuoka-ken Fukuoka-shi Daimyō,Izakaya,50,16,33.589215700000004,130.3928134,Sunday,0,2016-07-17
195450,7/18/2016,Fukuoka-ken Fukuoka-shi Daimyō,Izakaya,50,30,33.589215700000004,130.3928134,Monday,1,2016-07-18
195971,7/19/2016,Fukuoka-ken Fukuoka-shi Daimyō,Izakaya,50,22,33.589215700000004,130.3928134,Tuesday,0,2016-07-19
197365,7/20/2016,Fukuoka-ken Fukuoka-shi Daimyō,Izakaya,50,36,33.589215700000004,130.3928134,Wednesday,0,2016-07-20
198077,7/21/2016,Fukuoka-ken Fukuoka-shi Daimyō,Izakaya,50,27,33.589215700000004,130.3928134,Thursday,0,2016-07-21
198813,7/22/2016,Fukuoka-ken Fukuoka-shi Daimyō,Izakaya,50,50,33.589215700000004,130.3928134,Friday,0,2016-07-22
199576,7/23/2016,Fukuoka-ken Fukuoka-shi Daimyō,Izakaya,50,33,33.589215700000004,130.3928134,Saturday,0,2016-07-23
200313,7/24/2016,Fukuoka-ken Fukuoka-shi Daimyō,Izakaya,50,56,33.589215700000004,130.3928134,Sunday,0,2016-07-24
200891,7/25/2016,Fukuoka-ken Fukuoka-shi Daimyō,Izakaya,50,28,33.589215700000004,130.3928134,Monday,0,2016-07-25
201526,7/26/2016,Fukuoka-ken Fukuoka-shi Daimyō,Izakaya,50,29,33.589215700000004,130.3928134,Tuesday,0,2016-07-26
202226,7/27/2016,Fukuoka-ken Fukuoka-shi Daimyō,Izakaya,50,21,33.589215700000004,130.3928134,Wednesday,0,2016-07-27
202946,7/28/2016,Fukuoka-ken Fukuoka-shi Daimyō,Izakaya,50,27,33.589215700000004,130.3928134,Thursday,0,2016-07-28
203686,7/29/2016,Fukuoka-ken Fukuoka-shi Daimyō,Izakaya,50,31,33.589215700000004,130.3928134,Friday,0,2016-07-29
205022,7/30/2016,Fukuoka-ken Fukuoka-shi Daimyō,Izakaya,50,24,33.589215700000004,130.3928134,Saturday,0,2016-07-30
205765,7/31/2016,Fukuoka-ken Fukuoka-shi Daimyō,Izakaya,50,27,33.589215700000004,130.3928134,Sunday,0,2016-07-31
210647,8/1/2016,Fukuoka-ken Fukuoka-shi Daimyō,Izakaya,50,1,33.589215700000004,130.3928134,Monday,0,2016-08-01
217650,8/2/2016,Fukuoka-ken Fukuoka-shi Daimyō,Izakaya,50,19,33.589215700000004,130.3928134,Tuesday,0,2016-08-02
225061,8/3/2016,Fukuoka-ken Fukuoka-shi Daimyō,Izakaya,50,25,33.589215700000004,130.3928134,Wednesday,0,2016-08-03
227175,8/4/2016,Fukuoka-ken Fukuoka-shi Daimyō,Izakaya,50,22,33.589215700000004,130.3928134,Thursday,0,2016-08-04
227910,8/5/2016,Fukuoka-ken Fukuoka-shi Daimyō,Izakaya,50,44,33.589215700000004,130.3928134,Friday,0,2016-08-05
228676,8/6/2016,Fukuoka-ken Fukuoka-shi Daimyō,Izakaya,50,23,33.589215700000004,130.3928134,Saturday,0,2016-08-06
229408,8/7/2016,Fukuoka-ken Fukuoka-shi Daimyō,Izakaya,50,25,33.589215700000004,130.3928134,Sunday,0,2016-08-07
229982,8/8/2016,Fukuoka-ken Fukuoka-shi Daimyō,Izakaya,50,22,33.589215700000004,130.3928134,Monday,0,2016-08-08
230613,8/9/2016,Fukuoka-ken Fukuoka-shi Daimyō,Izakaya,50,38,33.589215700000004,130.3928134,Tuesday,0,2016-08-09
211261,8/10/2016,Fukuoka-ken Fukuoka-shi Daimyō,Izakaya,50,48,33.589215700000004,130.3928134,Wednesday,0,2016-08-10
211975,8/11/2016,Fukuoka-ken Fukuoka-shi Daimyō,Izakaya,50,35,33.589215700000004,130.3928134,Thursday,1,2016-08-11
212658,8/12/2016,Fukuoka-ken Fukuoka-shi Daimyō,Izakaya,50,22,33.589215700000004,130.3928134,Friday,0,2016-08-12
213352,8/13/2016,Fukuoka-ken Fukuoka-shi Daimyō,Izakaya,50,26,33.589215700000004,130.3928134,Saturday,1,2016-08-13
213994,8/14/2016,Fukuoka-ken Fukuoka-shi Daimyō,Izakaya,50,14,33.589215700000004,130.3928134,Sunday,1,2016-08-14
214502,8/15/2016,Fukuoka-ken Fukuoka-shi Daimyō,Izakaya,50,48,33.589215700000004,130.3928134,Monday,1,2016-08-15
214991,8/16/2016,Fukuoka-ken Fukuoka-shi Daimyō,Izakaya,50,13,33.589215700000004,130.3928134,Tuesday,0,2016-08-16
215546,8/17/2016,Fukuoka-ken Fukuoka-shi Daimyō,Izakaya,50,44,33.589215700000004,130.3928134,Wednesday,0,2016-08-17
216195,8/18/2016,Fukuoka-ken Fukuoka-shi Daimyō,Izakaya,50,13,33.589215700000004,130.3928134,Thursday,0,2016-08-18
216903,8/19/2016,Fukuoka-ken Fukuoka-shi Daimyō,Izakaya,50,45,33.589215700000004,130.3928134,Friday,0,2016-08-19
218352,8/20/2016,Fukuoka-ken Fukuoka-shi Daimyō,Izakaya,50,32,33.589215700000004,130.3928134,Saturday,0,2016-08-20
219090,8/21/2016,Fukuoka-ken Fukuoka-shi Daimyō,Izakaya,50,50,33.589215700000004,130.3928134,Sunday,0,2016-08-21
219648,8/22/2016,Fukuoka-ken Fukuoka-shi Daimyō,Izakaya,50,9,33.589215700000004,130.3928134,Monday,0,2016-08-22
220233,8/23/2016,Fukuoka-ken Fukuoka-shi Daimyō,Izakaya,50,43,33.589215700000004,130.3928134,Tuesday,0,2016-08-23
220930,8/24/2016,Fukuoka-ken Fukuoka-shi Daimyō,Izakaya,50,32,33.589215700000004,130.3928134,Wednesday,0,2016-08-24
221637,8/25/2016,Fukuoka-ken Fukuoka-shi Daimyō,Izakaya,50,26,33.589215700000004,130.3928134,Thursday,0,2016-08-25
222357,8/26/2016,Fukuoka-ken Fukuoka-shi Daimyō,Izakaya,50,37,33.589215700000004,130.3928134,Friday,0,2016-08-26
223111,8/27/2016,Fukuoka-ken Fukuoka-shi Daimyō,Izakaya,50,43,33.589215700000004,130.3928134,Saturday,0,2016-08-27
223842,8/28/2016,Fukuoka-ken Fukuoka-shi Daimyō,Izakaya,50,19,33.589215700000004,130.3928134,Sunday,0,2016-08-28
224428,8/29/2016,Fukuoka-ken Fukuoka-shi Daimyō,Izakaya,50,17,33.589215700000004,130.3928134,Monday,0,2016-08-29
225764,8/30/2016,Fukuoka-ken Fukuoka-shi Daimyō,Izakaya,50,26,33.589215700000004,130.3928134,Tuesday,0,2016-08-30
226464,8/31/2016,Fukuoka-ken Fukuoka-shi Daimyō,Izakaya,50,43,33.589215700000004,130.3928134,Wednesday,0,2016-08-31
231332,9/1/2016,Fukuoka-ken Fukuoka-shi Daimyō,Izakaya,50,38,33.589215700000004,130.3928134,Thursday,0,2016-09-01
238866,9/2/2016,Fukuoka-ken Fukuoka-shi Daimyō,Izakaya,50,38,33.589215700000004,130.3928134,Friday,0,2016-09-02
246547,9/3/2016,Fukuoka-ken Fukuoka-shi Daimyō,Izakaya,50,29,33.589215700000004,130.3928134,Saturday,0,2016-09-03
248062,9/4/2016,Fukuoka-ken Fukuoka-shi Daimyō,Izakaya,50,23,33.589215700000004,130.3928134,Sunday,0,2016-09-04
248631,9/5/2016,Fukuoka-ken Fukuoka-shi Daimyō,Izakaya,50,17,33.589215700000004,130.3928134,Monday,0,2016-09-05
249239,9/6/2016,Fukuoka-ken Fukuoka-shi Daimyō,Izakaya,50,31,33.589215700000004,130.3928134,Tuesday,0,2016-09-06
249950,9/7/2016,Fukuoka-ken Fukuoka-shi Daimyō,Izakaya,50,32,33.589215700000004,130.3928134,Wednesday,0,2016-09-07
250655,9/8/2016,Fukuoka-ken Fukuoka-shi Daimyō,Izakaya,50,25,33.589215700000004,130.3928134,Thursday,0,2016-09-08
251394,9/9/2016,Fukuoka-ken Fukuoka-shi Daimyō,Izakaya,50,33,33.589215700000004,130.3928134,Friday,0,2016-09-09
232068,9/10/2016,Fukuoka-ken Fukuoka-shi Daimyō,Izakaya,50,46,33.589215700000004,130.3928134,Saturday,0,2016-09-10
232806,9/11/2016,Fukuoka-ken Fukuoka-shi Daimyō,Izakaya,50,49,33.589215700000004,130.3928134,Sunday,0,2016-09-11
233396,9/12/2016,Fukuoka-ken Fukuoka-shi Daimyō,Izakaya,50,25,33.589215700000004,130.3928134,Monday,0,2016-09-12
234032,9/13/2016,Fukuoka-ken Fukuoka-shi Daimyō,Izakaya,50,18,33.589215700000004,130.3928134,Tuesday,0,2016-09-13
234745,9/14/2016,Fukuoka-ken Fukuoka-shi Daimyō,Izakaya,50,30,33.589215700000004,130.3928134,Wednesday,0,2016-09-14
235460,9/15/2016,Fukuoka-ken Fukuoka-shi Daimyō,Izakaya,50,34,33.589215700000004,130.3928134,Thursday,0,2016-09-15
236204,9/16/2016,Fukuoka-ken Fukuoka-shi Daimyō,Izakaya,50,24,33.589215700000004,130.3928134,Friday,0,2016-09-16
236977,9/17/2016,Fukuoka-ken Fukuoka-shi Daimyō,Izakaya,50,39,33.589215700000004,130.3928134,Saturday,0,2016-09-17
237718,9/18/2016,Fukuoka-ken Fukuoka-shi Daimyō,Izakaya,50,31,33.589215700000004,130.3928134,Sunday,0,2016-09-18
238327,9/19/2016,Fukuoka-ken Fukuoka-shi Daimyō,Izakaya,50,26,33.589215700000004,130.3928134,Monday,1,2016-09-19
239629,9/20/2016,Fukuoka-ken Fukuoka-shi Daimyō,Izakaya,50,22,33.589215700000004,130.3928134,Tuesday,0,2016-09-20
240256,9/21/2016,Fukuoka-ken Fukuoka-shi Daimyō,Izakaya,50,32,33.589215700000004,130.3928134,Wednesday,0,2016-09-21
240974,9/22/2016,Fukuoka-ken Fukuoka-shi Daimyō,Izakaya,50,24,33.589215700000004,130.3928134,Thursday,1,2016-09-22
241666,9/23/2016,Fukuoka-ken Fukuoka-shi Daimyō,Izakaya,50,20,33.589215700000004,130.3928134,Friday,0,2016-09-23
242432,9/24/2016,Fukuoka-ken Fukuoka-shi Daimyō,Izakaya,50,23,33.589215700000004,130.3928134,Saturday,0,2016-09-24
243178,9/25/2016,Fukuoka-ken Fukuoka-shi Daimyō,Izakaya,50,30,33.589215700000004,130.3928134,Sunday,0,2016-09-25
243754,9/26/2016,Fukuoka-ken Fukuoka-shi Daimyō,Izakaya,50,25,33.589215700000004,130.3928134,Monday,0,2016-09-26
244385,9/27/2016,Fukuoka-ken Fukuoka-shi Daimyō,Izakaya,50,41,33.589215700000004,130.3928134,Tuesday,0,2016-09-27
245096,9/28/2016,Fukuoka-ken Fukuoka-shi Daimyō,Izakaya,50,31,33.589215700000004,130.3928134,Wednesday,0,2016-09-28
245807,9/29/2016,Fukuoka-ken Fukuoka-shi Daimyō,Izakaya,50,17,33.589215700000004,130.3928134,Thursday,0,2016-09-29
247299,9/30/2016,Fukuoka-ken Fukuoka-shi Daimyō,Izakaya,50,57,33.589215700000004,130.3928134,Friday,0,2016-09-30
27074,10/1/2016,Fukuoka-ken Fukuoka-shi Daimyō,Izakaya,50,47,33.589215700000004,130.3928134,Saturday,0,2016-10-01
34615,10/2/2016,Fukuoka-ken Fukuoka-shi Daimyō,Izakaya,50,23,33.589215700000004,130.3928134,Sunday,0,2016-10-02
42381,10/3/2016,Fukuoka-ken Fukuoka-shi Daimyō,Izakaya,50,47,33.589215700000004,130.3928134,Monday,0,2016-10-03
44262,10/4/2016,Fukuoka-ken Fukuoka-shi Daimyō,Izakaya,50,34,33.589215700000004,130.3928134,Tuesday,0,2016-10-04
44961,10/5/2016,Fukuoka-ken Fukuoka-shi Daimyō,Izakaya,50,19,33.589215700000004,130.3928134,Wednesday,0,2016-10-05
45661,10/6/2016,Fukuoka-ken Fukuoka-shi Daimyō,Izakaya,50,21,33.589215700000004,130.3928134,Thursday,0,2016-10-06
46402,10/7/2016,Fukuoka-ken Fukuoka-shi Daimyō,Izakaya,50,59,33.589215700000004,130.3928134,Friday,0,2016-10-07
47171,10/8/2016,Fukuoka-ken Fukuoka-shi Daimyō,Izakaya,50,44,33.589215700000004,130.3928134,Saturday,0,2016-10-08
47920,10/9/2016,Fukuoka-ken Fukuoka-shi Daimyō,Izakaya,50,40,33.589215700000004,130.3928134,Sunday,0,2016-10-09
27817,10/10/2016,Fukuoka-ken Fukuoka-shi Daimyō,Izakaya,50,47,33.589215700000004,130.3928134,Monday,1,2016-10-10
28363,10/11/2016,Fukuoka-ken Fukuoka-shi Daimyō,Izakaya,50,28,33.589215700000004,130.3928134,Tuesday,0,2016-10-11
29012,10/12/2016,Fukuoka-ken Fukuoka-shi Daimyō,Izakaya,50,24,33.589215700000004,130.3928134,Wednesday,0,2016-10-12
29721,10/13/2016,Fukuoka-ken Fukuoka-shi Daimyō,Izakaya,50,28,33.589215700000004,130.3928134,Thursday,0,2016-10-13
30468,10/14/2016,Fukuoka-ken Fukuoka-shi Daimyō,Izakaya,50,37,33.589215700000004,130.3928134,Friday,0,2016-10-14
31239,10/15/2016,Fukuoka-ken Fukuoka-shi Daimyō,Izakaya,50,16,33.589215700000004,130.3928134,Saturday,0,2016-10-15
31980,10/16/2016,Fukuoka-ken Fukuoka-shi Daimyō,Izakaya,50,28,33.589215700000004,130.3928134,Sunday,0,2016-10-16
32562,10/17/2016,Fukuoka-ken Fukuoka-shi Daimyō,Izakaya,50,23,33.589215700000004,130.3928134,Monday,0,2016-10-17
33190,10/18/2016,Fukuoka-ken Fukuoka-shi Daimyō,Izakaya,50,33,33.589215700000004,130.3928134,Tuesday,0,2016-10-18
33902,10/19/2016,Fukuoka-ken Fukuoka-shi Daimyō,Izakaya,50,38,33.589215700000004,130.3928134,Wednesday,0,2016-10-19
35208,10/20/2016,Fukuoka-ken Fukuoka-shi Daimyō,Izakaya,50,9,33.589215700000004,130.3928134,Thursday,0,2016-10-20
35952,10/21/2016,Fukuoka-ken Fukuoka-shi Daimyō,Izakaya,50,30,33.589215700000004,130.3928134,Friday,0,2016-10-21
36726,10/22/2016,Fukuoka-ken Fukuoka-shi Daimyō,Izakaya,50,52,33.589215700000004,130.3928134,Saturday,0,2016-10-22
37471,10/23/2016,Fukuoka-ken Fukuoka-shi Daimyō,Izakaya,50,45,33.589215700000004,130.3928134,Sunday,0,2016-10-23
38061,10/24/2016,Fukuoka-ken Fukuoka-shi Daimyō,Izakaya,50,23,33.589215700000004,130.3928134,Monday,0,2016-10-24
38689,10/25/2016,Fukuoka-ken Fukuoka-shi Daimyō,Izakaya,50,33,33.589215700000004,130.3928134,Tuesday,0,2016-10-25
39405,10/26/2016,Fukuoka-ken Fukuoka-shi Daimyō,Izakaya,50,3,33.589215700000004,130.3928134,Wednesday,0,2016-10-26
40124,10/27/2016,Fukuoka-ken Fukuoka-shi Daimyō,Izakaya,50,30,33.589215700000004,130.3928134,Thursday,0,2016-10-27
40857,10/28/2016,Fukuoka-ken Fukuoka-shi Daimyō,Izakaya,50,32,33.589215700000004,130.3928134,Friday,0,2016-10-28
41627,10/29/2016,Fukuoka-ken Fukuoka-shi Daimyō,Izakaya,50,32,33.589215700000004,130.3928134,Saturday,0,2016-10-29
43006,10/30/2016,Fukuoka-ken Fukuoka-shi Daimyō,Izakaya,50,14,33.589215700000004,130.3928134,Sunday,0,2016-10-30
43616,10/31/2016,Fukuoka-ken Fukuoka-shi Daimyō,Izakaya,50,19,33.589215700000004,130.3928134,Monday,0,2016-10-31
48533,11/1/2016,Fukuoka-ken Fukuoka-shi Daimyō,Izakaya,50,35,33.589215700000004,130.3928134,Tuesday,0,2016-11-01
56425,11/2/2016,Fukuoka-ken Fukuoka-shi Daimyō,Izakaya,50,45,33.589215700000004,130.3928134,Wednesday,0,2016-11-02
63944,11/3/2016,Fukuoka-ken Fukuoka-shi Daimyō,Izakaya,50,43,33.589215700000004,130.3928134,Thursday,1,2016-11-03
65338,11/4/2016,Fukuoka-ken Fukuoka-shi Daimyō,Izakaya,50,43,33.589215700000004,130.3928134,Friday,0,2016-11-04
66101,11/5/2016,Fukuoka-ken Fukuoka-shi Daimyō,Izakaya,50,64,33.589215700000004,130.3928134,Saturday,0,2016-11-05
66844,11/6/2016,Fukuoka-ken Fukuoka-shi Daimyō,Izakaya,50,60,33.589215700000004,130.3928134,Sunday,0,2016-11-06
67432,11/7/2016,Fukuoka-ken Fukuoka-shi Daimyō,Izakaya,50,38,33.589215700000004,130.3928134,Monday,0,2016-11-07
68057,11/8/2016,Fukuoka-ken Fukuoka-shi Daimyō,Izakaya,50,20,33.589215700000004,130.3928134,Tuesday,0,2016-11-08
68757,11/9/2016,Fukuoka-ken Fukuoka-shi Daimyō,Izakaya,50,42,33.589215700000004,130.3928134,Wednesday,0,2016-11-09
49244,11/10/2016,Fukuoka-ken Fukuoka-shi Daimyō,Izakaya,50,38,33.589215700000004,130.3928134,Thursday,0,2016-11-10
49987,11/11/2016,Fukuoka-ken Fukuoka-shi Daimyō,Izakaya,50,53,33.589215700000004,130.3928134,Friday,0,2016-11-11
50756,11/12/2016,Fukuoka-ken Fukuoka-shi Daimyō,Izakaya,50,23,33.589215700000004,130.3928134,Saturday,0,2016-11-12
51504,11/13/2016,Fukuoka-ken Fukuoka-shi Daimyō,Izakaya,50,45,33.589215700000004,130.3928134,Sunday,0,2016-11-13
52087,11/14/2016,Fukuoka-ken Fukuoka-shi Daimyō,Izakaya,50,27,33.589215700000004,130.3928134,Monday,0,2016-11-14
52719,11/15/2016,Fukuoka-ken Fukuoka-shi Daimyō,Izakaya,50,4,33.589215700000004,130.3928134,Tuesday,0,2016-11-15
53421,11/16/2016,Fukuoka-ken Fukuoka-shi Daimyō,Izakaya,50,22,33.589215700000004,130.3928134,Wednesday,0,2016-11-16
54146,11/17/2016,Fukuoka-ken Fukuoka-shi Daimyō,Izakaya,50,32,33.589215700000004,130.3928134,Thursday,0,2016-11-17
54894,11/18/2016,Fukuoka-ken Fukuoka-shi Daimyō,Izakaya,50,53,33.589215700000004,130.3928134,Friday,0,2016-11-18
55674,11/19/2016,Fukuoka-ken Fukuoka-shi Daimyō,Izakaya,50,48,33.589215700000004,130.3928134,Saturday,0,2016-11-19
57152,11/20/2016,Fukuoka-ken Fukuoka-shi Daimyō,Izakaya,50,79,33.589215700000004,130.3928134,Sunday,0,2016-11-20
57727,11/21/2016,Fukuoka-ken Fukuoka-shi Daimyō,Izakaya,50,94,33.589215700000004,130.3928134,Monday,0,2016-11-21
58355,11/22/2016,Fukuoka-ken Fukuoka-shi Daimyō,Izakaya,50,81,33.589215700000004,130.3928134,Tuesday,0,2016-11-22
59086,11/23/2016,Fukuoka-ken Fukuoka-shi Daimyō,Izakaya,50,54,33.589215700000004,130.3928134,Wednesday,1,2016-11-23
59763,11/24/2016,Fukuoka-ken Fukuoka-shi Daimyō,Izakaya,50,18,33.589215700000004,130.3928134,Thursday,0,2016-11-24
60478,11/25/2016,Fukuoka-ken Fukuoka-shi Daimyō,Izakaya,50,41,33.589215700000004,130.3928134,Friday,0,2016-11-25
61249,11/26/2016,Fukuoka-ken Fukuoka-shi Daimyō,Izakaya,50,56,33.589215700000004,130.3928134,Saturday,0,2016-11-26
61984,11/27/2016,Fukuoka-ken Fukuoka-shi Daimyō,Izakaya,50,29,33.589215700000004,130.3928134,Sunday,0,2016-11-27
62574,11/28/2016,Fukuoka-ken Fukuoka-shi Daimyō,Izakaya,50,32,33.589215700000004,130.3928134,Monday,0,2016-11-28
63215,11/29/2016,Fukuoka-ken Fukuoka-shi Daimyō,Izakaya,50,72,33.589215700000004,130.3928134,Tuesday,0,2016-11-29
64618,11/30/2016,Fukuoka-ken Fukuoka-shi Daimyō,Izakaya,50,46,33.589215700000004,130.3928134,Wednesday,0,2016-11-30
69465,12/1/2016,Fukuoka-ken Fukuoka-shi Daimyō,Izakaya,50,14,33.589215700000004,130.3928134,Thursday,0,2016-12-01
77267,12/2/2016,Fukuoka-ken Fukuoka-shi Daimyō,Izakaya,50,14,33.589215700000004,130.3928134,Friday,0,2016-12-02
85142,12/3/2016,Fukuoka-ken Fukuoka-shi Daimyō,Izakaya,50,88,33.589215700000004,130.3928134,Saturday,0,2016-12-03
86785,12/4/2016,Fukuoka-ken Fukuoka-shi Daimyō,Izakaya,50,46,33.589215700000004,130.3928134,Sunday,0,2016-12-04
87393,12/5/2016,Fukuoka-ken Fukuoka-shi Daimyō,Izakaya,50,5,33.589215700000004,130.3928134,Monday,0,2016-12-05
88026,12/6/2016,Fukuoka-ken Fukuoka-shi Daimyō,Izakaya,50,47,33.589215700000004,130.3928134,Tuesday,0,2016-12-06
88739,12/7/2016,Fukuoka-ken Fukuoka-shi Daimyō,Izakaya,50,30,33.589215700000004,130.3928134,Wednesday,0,2016-12-07
89457,12/8/2016,Fukuoka-ken Fukuoka-shi Daimyō,Izakaya,50,37,33.589215700000004,130.3928134,Thursday,0,2016-12-08
90207,12/9/2016,Fukuoka-ken Fukuoka-shi Daimyō,Izakaya,50,58,33.589215700000004,130.3928134,Friday,0,2016-12-09
70200,12/10/2016,Fukuoka-ken Fukuoka-shi Daimyō,Izakaya,50,78,33.589215700000004,130.3928134,Saturday,0,2016-12-10
70962,12/11/2016,Fukuoka-ken Fukuoka-shi Daimyō,Izakaya,50,46,33.589215700000004,130.3928134,Sunday,0,2016-12-11
71572,12/12/2016,Fukuoka-ken Fukuoka-shi Daimyō,Izakaya,50,26,33.589215700000004,130.3928134,Monday,0,2016-12-12
72233,12/13/2016,Fukuoka-ken Fukuoka-shi Daimyō,Izakaya,50,30,33.589215700000004,130.3928134,Tuesday,0,2016-12-13
72956,12/14/2016,Fukuoka-ken Fukuoka-shi Daimyō,Izakaya,50,36,33.589215700000004,130.3928134,Wednesday,0,2016-12-14
73686,12/15/2016,Fukuoka-ken Fukuoka-shi Daimyō,Izakaya,50,49,33.589215700000004,130.3928134,Thursday,0,2016-12-15
74438,12/16/2016,Fukuoka-ken Fukuoka-shi Daimyō,Izakaya,50,48,33.589215700000004,130.3928134,Friday,0,2016-12-16
75217,12/17/2016,Fukuoka-ken Fukuoka-shi Daimyō,Izakaya,50,80,33.589215700000004,130.3928134,Saturday,0,2016-12-17
75976,12/18/2016,Fukuoka-ken Fukuoka-shi Daimyō,Izakaya,50,44,33.589215700000004,130.3928134,Sunday,0,2016-12-18
76591,12/19/2016,Fukuoka-ken Fukuoka-shi Daimyō,Izakaya,50,56,33.589215700000004,130.3928134,Monday,0,2016-12-19
78038,12/20/2016,Fukuoka-ken Fukuoka-shi Daimyō,Izakaya,50,47,33.589215700000004,130.3928134,Tuesday,0,2016-12-20
78765,12/21/2016,Fukuoka-ken Fukuoka-shi Daimyō,Izakaya,50,66,33.589215700000004,130.3928134,Wednesday,0,2016-12-21
79506,12/22/2016,Fukuoka-ken Fukuoka-shi Daimyō,Izakaya,50,66,33.589215700000004,130.3928134,Thursday,0,2016-12-22
80255,12/23/2016,Fukuoka-ken Fukuoka-shi Daimyō,Izakaya,50,67,33.589215700000004,130.3928134,Friday,1,2016-12-23
80983,12/24/2016,Fukuoka-ken Fukuoka-shi Daimyō,Izakaya,50,21,33.589215700000004,130.3928134,Saturday,0,2016-12-24
81719,12/25/2016,Fukuoka-ken Fukuoka-shi Daimyō,Izakaya,50,32,33.589215700000004,130.3928134,Sunday,0,2016-12-25
82334,12/26/2016,Fukuoka-ken Fukuoka-shi Daimyō,Izakaya,50,34,33.589215700000004,130.3928134,Monday,0,2016-12-26
83009,12/27/2016,Fukuoka-ken Fukuoka-shi Daimyō,Izakaya,50,56,33.589215700000004,130.3928134,Tuesday,0,2016-12-27
83738,12/28/2016,Fukuoka-ken Fukuoka-shi Daimyō,Izakaya,50,65,33.589215700000004,130.3928134,Wednesday,0,2016-12-28
84456,12/29/2016,Fukuoka-ken Fukuoka-shi Daimyō,Izakaya,50,62,33.589215700000004,130.3928134,Thursday,1,2016-12-29
85894,12/30/2016,Fukuoka-ken Fukuoka-shi Daimyō,Izakaya,50,81,33.589215700000004,130.3928134,Friday,1,2016-12-30
86453,12/31/2016,Fukuoka-ken Fukuoka-shi Daimyō,Izakaya,50,65,33.589215700000004,130.3928134,Saturday,1,2016-12-31
58,1/1/2017,Fukuoka-ken Fukuoka-shi Daimyō,Izakaya,50,51,33.589215700000004,130.3928134,Sunday,1,2017-01-01
9768,1/2/2017,Fukuoka-ken Fukuoka-shi Daimyō,Izakaya,50,51,33.589215700000004,130.3928134,Monday,1,2017-01-02
19843,1/3/2017,Fukuoka-ken Fukuoka-shi Daimyō,Izakaya,50,55,33.589215700000004,130.3928134,Tuesday,1,2017-01-03
22132,1/4/2017,Fukuoka-ken Fukuoka-shi Daimyō,Izakaya,50,44,33.589215700000004,130.3928134,Wednesday,0,2017-01-04
22778,1/5/2017,Fukuoka-ken Fukuoka-shi Daimyō,Izakaya,50,48,33.589215700000004,130.3928134,Thursday,0,2017-01-05
23646,1/6/2017,Fukuoka-ken Fukuoka-shi Daimyō,Izakaya,50,36,33.589215700000004,130.3928134,Friday,0,2017-01-06
24620,1/7/2017,Fukuoka-ken Fukuoka-shi Daimyō,Izakaya,50,56,33.589215700000004,130.3928134,Saturday,0,2017-01-07
25634,1/8/2017,Fukuoka-ken Fukuoka-shi Daimyō,Izakaya,50,42,33.589215700000004,130.3928134,Sunday,0,2017-01-08
26520,1/9/2017,Fukuoka-ken Fukuoka-shi Daimyō,Izakaya,50,26,33.589215700000004,130.3928134,Monday,1,2017-01-09
465,1/10/2017,Fukuoka-ken Fukuoka-shi Daimyō,Izakaya,50,38,33.589215700000004,130.3928134,Tuesday,0,2017-01-10
1337,1/11/2017,Fukuoka-ken Fukuoka-shi Daimyō,Izakaya,50,45,33.589215700000004,130.3928134,Wednesday,0,2017-01-11
2283,1/12/2017,Fukuoka-ken Fukuoka-shi Daimyō,Izakaya,50,22,33.589215700000004,130.3928134,Thursday,0,2017-01-12
3272,1/13/2017,Fukuoka-ken Fukuoka-shi Daimyō,Izakaya,50,33,33.589215700000004,130.3928134,Friday,0,2017-01-13
4321,1/14/2017,Fukuoka-ken Fukuoka-shi Daimyō,Izakaya,50,24,33.589215700000004,130.3928134,Saturday,0,2017-01-14
5368,1/15/2017,Fukuoka-ken Fukuoka-shi Daimyō,Izakaya,50,30,33.589215700000004,130.3928134,Sunday,0,2017-01-15
6240,1/16/2017,Fukuoka-ken Fukuoka-shi Daimyō,Izakaya,50,54,33.589215700000004,130.3928134,Monday,0,2017-01-16
7102,1/17/2017,Fukuoka-ken Fukuoka-shi Daimyō,Izakaya,50,13,33.589215700000004,130.3928134,Tuesday,0,2017-01-17
9003,1/19/2017,Fukuoka-ken Fukuoka-shi Daimyō,Izakaya,50,9,33.589215700000004,130.3928134,Thursday,0,2017-01-19
10273,1/20/2017,Fukuoka-ken Fukuoka-shi Daimyō,Izakaya,50,38,33.589215700000004,130.3928134,Friday,0,2017-01-20
11330,1/21/2017,Fukuoka-ken Fukuoka-shi Daimyō,Izakaya,50,75,33.589215700000004,130.3928134,Saturday,0,2017-01-21
12376,1/22/2017,Fukuoka-ken Fukuoka-shi Daimyō,Izakaya,50,33,33.589215700000004,130.3928134,Sunday,0,2017-01-22
13266,1/23/2017,Fukuoka-ken Fukuoka-shi Daimyō,Izakaya,50,33,33.589215700000004,130.3928134,Monday,0,2017-01-23
14106,1/24/2017,Fukuoka-ken Fukuoka-shi Daimyō,Izakaya,50,35,33.589215700000004,130.3928134,Tuesday,0,2017-01-24
15059,1/25/2017,Fukuoka-ken Fukuoka-shi Daimyō,Izakaya,50,28,33.589215700000004,130.3928134,Wednesday,0,2017-01-25
16053,1/26/2017,Fukuoka-ken Fukuoka-shi Daimyō,Izakaya,50,38,33.589215700000004,130.3928134,Thursday,0,2017-01-26
17072,1/27/2017,Fukuoka-ken Fukuoka-shi Daimyō,Izakaya,50,58,33.589215700000004,130.3928134,Friday,0,2017-01-27
18133,1/28/2017,Fukuoka-ken Fukuoka-shi Daimyō,Izakaya,50,41,33.589215700000004,130.3928134,Saturday,0,2017-01-28
19176,1/29/2017,Fukuoka-ken Fukuoka-shi Daimyō,Izakaya,50,51,33.589215700000004,130.3928134,Sunday,0,2017-01-29
20414,1/30/2017,Fukuoka-ken Fukuoka-shi Daimyō,Izakaya,50,27,33.589215700000004,130.3928134,Monday,0,2017-01-30
21273,1/31/2017,Fukuoka-ken Fukuoka-shi Daimyō,Izakaya,50,37,33.589215700000004,130.3928134,Tuesday,0,2017-01-31
91207,2/1/2017,Fukuoka-ken Fukuoka-shi Daimyō,Izakaya,50,39,33.589215700000004,130.3928134,Wednesday,0,2017-02-01
101925,2/2/2017,Fukuoka-ken Fukuoka-shi Daimyō,Izakaya,50,20,33.589215700000004,130.3928134,Thursday,0,2017-02-02
111882,2/3/2017,Fukuoka-ken Fukuoka-shi Daimyō,Izakaya,50,35,33.589215700000004,130.3928134,Friday,0,2017-02-03
112943,2/4/2017,Fukuoka-ken Fukuoka-shi Daimyō,Izakaya,50,35,33.589215700000004,130.3928134,Saturday,0,2017-02-04
114004,2/5/2017,Fukuoka-ken Fukuoka-shi Daimyō,Izakaya,50,33,33.589215700000004,130.3928134,Sunday,0,2017-02-05
114877,2/6/2017,Fukuoka-ken Fukuoka-shi Daimyō,Izakaya,50,17,33.589215700000004,130.3928134,Monday,0,2017-02-06
115723,2/7/2017,Fukuoka-ken Fukuoka-shi Daimyō,Izakaya,50,28,33.589215700000004,130.3928134,Tuesday,0,2017-02-07
116666,2/8/2017,Fukuoka-ken Fukuoka-shi Daimyō,Izakaya,50,44,33.589215700000004,130.3928134,Wednesday,0,2017-02-08
117657,2/9/2017,Fukuoka-ken Fukuoka-shi Daimyō,Izakaya,50,12,33.589215700000004,130.3928134,Thursday,0,2017-02-09
92204,2/10/2017,Fukuoka-ken Fukuoka-shi Daimyō,Izakaya,50,53,33.589215700000004,130.3928134,Friday,0,2017-02-10
93242,2/11/2017,Fukuoka-ken Fukuoka-shi Daimyō,Izakaya,50,58,33.589215700000004,130.3928134,Saturday,1,2017-02-11
94253,2/12/2017,Fukuoka-ken Fukuoka-shi Daimyō,Izakaya,50,60,33.589215700000004,130.3928134,Sunday,0,2017-02-12
95117,2/13/2017,Fukuoka-ken Fukuoka-shi Daimyō,Izakaya,50,13,33.589215700000004,130.3928134,Monday,0,2017-02-13
95973,2/14/2017,Fukuoka-ken Fukuoka-shi Daimyō,Izakaya,50,13,33.589215700000004,130.3928134,Tuesday,0,2017-02-14
96937,2/15/2017,Fukuoka-ken Fukuoka-shi Daimyō,Izakaya,50,21,33.589215700000004,130.3928134,Wednesday,0,2017-02-15
97931,2/16/2017,Fukuoka-ken Fukuoka-shi Daimyō,Izakaya,50,37,33.589215700000004,130.3928134,Thursday,0,2017-02-16
98946,2/17/2017,Fukuoka-ken Fukuoka-shi Daimyō,Izakaya,50,48,33.589215700000004,130.3928134,Friday,0,2017-02-17
99990,2/18/2017,Fukuoka-ken Fukuoka-shi Daimyō,Izakaya,50,65,33.589215700000004,130.3928134,Saturday,0,2017-02-18
101044,2/19/2017,Fukuoka-ken Fukuoka-shi Daimyō,Izakaya,50,23,33.589215700000004,130.3928134,Sunday,0,2017-02-19
102958,2/20/2017,Fukuoka-ken Fukuoka-shi Daimyō,Izakaya,50,45,33.589215700000004,130.3928134,Monday,0,2017-02-20
103802,2/21/2017,Fukuoka-ken Fukuoka-shi Daimyō,Izakaya,50,35,33.589215700000004,130.3928134,Tuesday,0,2017-02-21
104737,2/22/2017,Fukuoka-ken Fukuoka-shi Daimyō,Izakaya,50,11,33.589215700000004,130.3928134,Wednesday,0,2017-02-22
105729,2/23/2017,Fukuoka-ken Fukuoka-shi Daimyō,Izakaya,50,35,33.589215700000004,130.3928134,Thursday,0,2017-02-23
106751,2/24/2017,Fukuoka-ken Fukuoka-shi Daimyō,Izakaya,50,51,33.589215700000004,130.3928134,Friday,0,2017-02-24
107803,2/25/2017,Fukuoka-ken Fukuoka-shi Daimyō,Izakaya,50,40,33.589215700000004,130.3928134,Saturday,0,2017-02-25
108864,2/26/2017,Fukuoka-ken Fukuoka-shi Daimyō,Izakaya,50,53,33.589215700000004,130.3928134,Sunday,0,2017-02-26
109758,2/27/2017,Fukuoka-ken Fukuoka-shi Daimyō,Izakaya,50,43,33.589215700000004,130.3928134,Monday,0,2017-02-27
110646,2/28/2017,Fukuoka-ken Fukuoka-shi Daimyō,Izakaya,50,22,33.589215700000004,130.3928134,Tuesday,0,2017-02-28
118658,3/1/2017,Fukuoka-ken Fukuoka-shi Daimyō,Izakaya,50,29,33.589215700000004,130.3928134,Wednesday,0,2017-03-01
129650,3/2/2017,Fukuoka-ken Fukuoka-shi Daimyō,Izakaya,50,27,33.589215700000004,130.3928134,Thursday,0,2017-03-02
140276,3/3/2017,Fukuoka-ken Fukuoka-shi Daimyō,Izakaya,50,25,33.589215700000004,130.3928134,Friday,0,2017-03-03
143466,3/4/2017,Fukuoka-ken Fukuoka-shi Daimyō,Izakaya,50,61,33.589215700000004,130.3928134,Saturday,0,2017-03-04
144523,3/5/2017,Fukuoka-ken Fukuoka-shi Daimyō,Izakaya,50,40,33.589215700000004,130.3928134,Sunday,0,2017-03-05
145339,3/6/2017,Fukuoka-ken Fukuoka-shi Daimyō,Izakaya,50,32,33.589215700000004,130.3928134,Monday,0,2017-03-06
146219,3/7/2017,Fukuoka-ken Fukuoka-shi Daimyō,Izakaya,50,40,33.589215700000004,130.3928134,Tuesday,0,2017-03-07
147210,3/8/2017,Fukuoka-ken Fukuoka-shi Daimyō,Izakaya,50,61,33.589215700000004,130.3928134,Wednesday,0,2017-03-08
148216,3/9/2017,Fukuoka-ken Fukuoka-shi Daimyō,Izakaya,50,48,33.589215700000004,130.3928134,Thursday,0,2017-03-09
119667,3/10/2017,Fukuoka-ken Fukuoka-shi Daimyō,Izakaya,50,48,33.589215700000004,130.3928134,Friday,0,2017-03-10
120744,3/11/2017,Fukuoka-ken Fukuoka-shi Daimyō,Izakaya,50,48,33.589215700000004,130.3928134,Saturday,0,2017-03-11
121803,3/12/2017,Fukuoka-ken Fukuoka-shi Daimyō,Izakaya,50,26,33.589215700000004,130.3928134,Sunday,0,2017-03-12
122630,3/13/2017,Fukuoka-ken Fukuoka-shi Daimyō,Izakaya,50,34,33.589215700000004,130.3928134,Monday,0,2017-03-13
123532,3/14/2017,Fukuoka-ken Fukuoka-shi Daimyō,Izakaya,50,26,33.589215700000004,130.3928134,Tuesday,0,2017-03-14
124534,3/15/2017,Fukuoka-ken Fukuoka-shi Daimyō,Izakaya,50,31,33.589215700000004,130.3928134,Wednesday,0,2017-03-15
125551,3/16/2017,Fukuoka-ken Fukuoka-shi Daimyō,Izakaya,50,34,33.589215700000004,130.3928134,Thursday,0,2017-03-16
126592,3/17/2017,Fukuoka-ken Fukuoka-shi Daimyō,Izakaya,50,43,33.589215700000004,130.3928134,Friday,0,2017-03-17
127680,3/18/2017,Fukuoka-ken Fukuoka-shi Daimyō,Izakaya,50,45,33.589215700000004,130.3928134,Saturday,0,2017-03-18
128734,3/19/2017,Fukuoka-ken Fukuoka-shi Daimyō,Izakaya,50,58,33.589215700000004,130.3928134,Sunday,0,2017-03-19
130621,3/20/2017,Fukuoka-ken Fukuoka-shi Daimyō,Izakaya,50,37,33.589215700000004,130.3928134,Monday,1,2017-03-20
131376,3/21/2017,Fukuoka-ken Fukuoka-shi Daimyō,Izakaya,50,35,33.589215700000004,130.3928134,Tuesday,0,2017-03-21
132316,3/22/2017,Fukuoka-ken Fukuoka-shi Daimyō,Izakaya,50,58,33.589215700000004,130.3928134,Wednesday,0,2017-03-22
133329,3/23/2017,Fukuoka-ken Fukuoka-shi Daimyō,Izakaya,50,26,33.589215700000004,130.3928134,Thursday,0,2017-03-23
134365,3/24/2017,Fukuoka-ken Fukuoka-shi Daimyō,Izakaya,50,52,33.589215700000004,130.3928134,Friday,0,2017-03-24
135453,3/25/2017,Fukuoka-ken Fukuoka-shi Daimyō,Izakaya,50,30,33.589215700000004,130.3928134,Saturday,0,2017-03-25
136511,3/26/2017,Fukuoka-ken Fukuoka-shi Daimyō,Izakaya,50,48,33.589215700000004,130.3928134,Sunday,0,2017-03-26
137335,3/27/2017,Fukuoka-ken Fukuoka-shi Daimyō,Izakaya,50,22,33.589215700000004,130.3928134,Monday,0,2017-03-27
138242,3/28/2017,Fukuoka-ken Fukuoka-shi Daimyō,Izakaya,50,37,33.589215700000004,130.3928134,Tuesday,0,2017-03-28
139260,3/29/2017,Fukuoka-ken Fukuoka-shi Daimyō,Izakaya,50,49,33.589215700000004,130.3928134,Wednesday,0,2017-03-29
141346,3/30/2017,Fukuoka-ken Fukuoka-shi Daimyō,Izakaya,50,27,33.589215700000004,130.3928134,Thursday,0,2017-03-30
142385,3/31/2017,Fukuoka-ken Fukuoka-shi Daimyō,Izakaya,50,59,33.589215700000004,130.3928134,Friday,0,2017-03-31
149261,4/1/2017,Fukuoka-ken Fukuoka-shi Daimyō,Izakaya,50,34,33.589215700000004,130.3928134,Saturday,0,2017-04-01
160027,4/2/2017,Fukuoka-ken Fukuoka-shi Daimyō,Izakaya,50,40,33.589215700000004,130.3928134,Sunday,0,2017-04-02
165901,4/3/2017,Fukuoka-ken Fukuoka-shi Daimyō,Izakaya,50,55,33.589215700000004,130.3928134,Monday,0,2017-04-03
167071,4/4/2017,Fukuoka-ken Fukuoka-shi Daimyō,Izakaya,50,34,33.589215700000004,130.3928134,Tuesday,0,2017-04-04
168067,4/5/2017,Fukuoka-ken Fukuoka-shi Daimyō,Izakaya,50,14,33.589215700000004,130.3928134,Wednesday,0,2017-04-05
169066,4/6/2017,Fukuoka-ken Fukuoka-shi Daimyō,Izakaya,50,35,33.589215700000004,130.3928134,Thursday,0,2017-04-06
170095,4/7/2017,Fukuoka-ken Fukuoka-shi Daimyō,Izakaya,50,43,33.589215700000004,130.3928134,Friday,0,2017-04-07
171173,4/8/2017,Fukuoka-ken Fukuoka-shi Daimyō,Izakaya,50,25,33.589215700000004,130.3928134,Saturday,0,2017-04-08
172224,4/9/2017,Fukuoka-ken Fukuoka-shi Daimyō,Izakaya,50,22,33.589215700000004,130.3928134,Sunday,0,2017-04-09
150249,4/10/2017,Fukuoka-ken Fukuoka-shi Daimyō,Izakaya,50,26,33.589215700000004,130.3928134,Monday,0,2017-04-10
151123,4/11/2017,Fukuoka-ken Fukuoka-shi Daimyō,Izakaya,50,32,33.589215700000004,130.3928134,Tuesday,0,2017-04-11
152124,4/12/2017,Fukuoka-ken Fukuoka-shi Daimyō,Izakaya,50,25,33.589215700000004,130.3928134,Wednesday,0,2017-04-12
153116,4/13/2017,Fukuoka-ken Fukuoka-shi Daimyō,Izakaya,50,26,33.589215700000004,130.3928134,Thursday,0,2017-04-13
154167,4/14/2017,Fukuoka-ken Fukuoka-shi Daimyō,Izakaya,50,55,33.589215700000004,130.3928134,Friday,0,2017-04-14
155256,4/15/2017,Fukuoka-ken Fukuoka-shi Daimyō,Izakaya,50,43,33.589215700000004,130.3928134,Saturday,0,2017-04-15
156308,4/16/2017,Fukuoka-ken Fukuoka-shi Daimyō,Izakaya,50,44,33.589215700000004,130.3928134,Sunday,0,2017-04-16
157128,4/17/2017,Fukuoka-ken Fukuoka-shi Daimyō,Izakaya,50,23,33.589215700000004,130.3928134,Monday,0,2017-04-17
158011,4/18/2017,Fukuoka-ken Fukuoka-shi Daimyō,Izakaya,50,36,33.589215700000004,130.3928134,Tuesday,0,2017-04-18
159008,4/19/2017,Fukuoka-ken Fukuoka-shi Daimyō,Izakaya,50,46,33.589215700000004,130.3928134,Wednesday,0,2017-04-19
160906,4/20/2017,Fukuoka-ken Fukuoka-shi Daimyō,Izakaya,50,62,33.589215700000004,130.3928134,Thursday,0,2017-04-20
161946,4/21/2017,Fukuoka-ken Fukuoka-shi Daimyō,Izakaya,50,34,33.589215700000004,130.3928134,Friday,0,2017-04-21
163031,4/22/2017,Fukuoka-ken Fukuoka-shi Daimyō,Izakaya,50,38,33.589215700000004,130.3928134,Saturday,0,2017-04-22
