,air_area_name,current_week,visitors
0,41,0,2069
1,41,1,2092
2,41,2,2095
3,41,3,1999
4,41,4,1983
5,41,5,2127
6,41,6,2118
7,41,7,2085
8,41,8,2121
9,41,9,2157
10,41,10,2295
11,41,11,2047
12,41,12,2140
13,41,13,2257
14,41,14,2084
15,41,15,1726
16,41,16,1992
17,41,17,2068
18,41,18,2103
19,41,19,1967
20,41,20,2043
21,41,21,2068
22,41,22,2078
23,41,23,4117
24,41,24,6228
25,41,25,5634
26,41,26,5377
27,41,27,6199
28,41,28,6127
29,41,29,5032
30,41,30,4832
31,41,31,5712
32,41,32,5941
33,41,33,6229
34,41,34,5677
35,41,35,5054
36,41,36,6632
37,41,37,5631
38,41,38,5705
39,41,39,6508
40,41,40,7143
41,41,41,5960
42,41,42,6523
43,41,43,6729
44,41,44,5939
45,41,45,6794
46,41,46,7004
47,41,47,7917
48,41,48,7952
49,41,49,5554
50,41,50,3137
51,41,51,5654
52,41,52,6404
53,51,0,175
54,51,1,178
55,51,2,121
56,51,3,146
57,51,4,175
58,51,5,158
59,51,6,174
60,51,7,141
61,51,8,160
62,51,9,89
63,51,10,131
64,51,11,141
65,51,12,139
66,51,13,128
67,51,14,161
68,51,15,156
69,51,16,127
70,51,17,151
71,51,18,136
72,51,19,127
73,51,20,121
74,51,21,130
75,51,22,135
76,51,23,134
77,51,24,146
78,51,25,114
79,51,26,91
80,51,27,108
81,51,28,105
82,51,29,109
83,51,30,89
84,51,31,120
85,51,32,108
86,51,33,93
87,51,34,123
88,51,35,94
89,51,36,127
90,51,37,108
91,51,38,97
92,51,39,107
93,51,40,121
94,51,41,102
95,51,42,72
96,51,43,119
97,51,44,115
98,51,45,99
99,51,46,124
100,51,47,116
101,51,48,109
102,51,49,53
103,51,50,44
104,51,51,77
105,51,52,77
106,21,0,768
107,21,1,835
108,21,2,887
109,21,3,990
110,21,4,899
111,21,5,924
112,21,6,953
113,21,7,887
114,21,8,1253
115,21,9,1144
116,21,10,1024
117,21,11,890
118,21,12,907
119,21,13,946
120,21,14,1120
121,21,15,1183
122,21,16,898
123,21,17,879
124,21,18,892
125,21,19,815
126,21,20,905
127,21,21,854
128,21,22,927
129,21,23,1387
130,21,24,1677
131,21,25,1741
132,21,26,1722
133,21,27,1622
134,21,28,1607
135,21,29,2061
136,21,30,1866
137,21,31,1611
138,21,32,1627
139,21,33,1836
140,21,34,1899
141,21,35,1816
142,21,36,1615
143,21,37,1687
144,21,38,1675
145,21,39,1663
146,21,40,1489
147,21,41,1959
148,21,42,1946
149,21,43,2086
150,21,44,2196
151,21,45,1904
152,21,46,2163
153,21,47,2449
154,21,48,2457
155,21,49,2358
156,21,50,2357
157,21,51,1936
158,21,52,1843
159,0,0,2416
160,0,1,2987
161,0,2,3238
162,0,3,3433
163,0,4,3481
164,0,5,3749
165,0,6,3500
166,0,7,3540
167,0,8,4017
168,0,9,4211
169,0,10,3748
170,0,11,3569
171,0,12,3571
172,0,13,3386
173,0,14,4015
174,0,15,4056
175,0,16,2951
176,0,17,3369
177,0,18,3497
178,0,19,3277
179,0,20,3600
180,0,21,3524
181,0,22,3244
182,0,23,6335
183,0,24,8523
184,0,25,8494
185,0,26,8592
186,0,27,8734
187,0,28,8137
188,0,29,8346
189,0,30,8198
190,0,31,8844
191,0,32,8619
192,0,33,9236
193,0,34,8704
194,0,35,9005
195,0,36,8332
196,0,37,8469
197,0,38,8593
198,0,39,8204
199,0,40,8319
200,0,41,8740
201,0,42,7857
202,0,43,9198
203,0,44,9100
204,0,45,8931
205,0,46,9388
206,0,47,9653
207,0,48,10289
208,0,49,7490
209,0,50,7034
210,0,51,7621
211,0,52,8111
212,15,0,586
213,15,1,567
214,15,2,606
215,15,3,595
216,15,4,562
217,15,5,476
218,15,6,643
219,15,7,540
220,15,8,611
221,15,9,565
222,15,10,517
223,15,11,631
224,15,12,630
225,15,13,632
226,15,14,590
227,15,15,736
228,15,16,611
229,15,17,594
230,15,18,627
231,15,19,563
232,15,20,546
233,15,21,632
234,15,22,595
235,15,23,895
236,15,24,1135
237,15,25,1173
238,15,26,1153
239,15,27,960
240,15,28,1027
241,15,29,1003
242,15,30,842
243,15,31,869
244,15,32,972
245,15,33,1044
246,15,34,1185
247,15,35,1043
248,15,36,1079
249,15,37,1161
250,15,38,1267
251,15,39,1159
252,15,40,1108
253,15,41,1363
254,15,42,1168
255,15,43,1151
256,15,44,1095
257,15,45,1072
258,15,46,1136
259,15,47,1076
260,15,48,1158
261,15,49,831
262,15,50,580
263,15,51,836
264,15,52,971
265,50,0,2958
266,50,1,2724
267,50,2,2863
268,50,3,3192
269,50,4,2723
270,50,5,3384
271,50,6,2905
272,50,7,3091
273,50,8,3326
274,50,9,3295
275,50,10,3264
276,50,11,3032
277,50,12,3067
278,50,13,3358
279,50,14,3382
280,50,15,3064
281,50,16,2963
282,50,17,3169
283,50,18,3153
284,50,19,3130
285,50,20,3291
286,50,21,3259
287,50,22,3406
288,50,23,5788
289,50,24,8144
290,50,25,7733
291,50,26,7836
292,50,27,7876
293,50,28,7449
294,50,29,7239
295,50,30,6298
296,50,31,6953
297,50,32,7670
298,50,33,7798
299,50,34,7294
300,50,35,6864
301,50,36,7697
302,50,37,7590
303,50,38,7142
304,50,39,7459
305,50,40,7703
306,50,41,7733
307,50,42,7412
308,50,43,7538
309,50,44,7758
310,50,45,7612
311,50,46,7865
312,50,47,8973
313,50,48,9211
314,50,49,5302
315,50,50,4931
316,50,51,6834
317,50,52,7689
318,38,0,670
319,38,1,796
320,38,2,730
321,38,3,781
322,38,4,461
323,38,5,578
324,38,6,432
325,38,7,487
326,38,8,532
327,38,9,590
328,38,10,723
329,38,11,785
330,38,12,711
331,38,13,862
332,38,14,797
333,38,15,937
334,38,16,709
335,38,17,645
336,38,18,733
337,38,19,595
338,38,20,639
339,38,21,719
340,38,22,713
341,38,23,1868
342,38,24,2494
343,38,25,2787
344,38,26,2600
345,38,27,2542
346,38,28,2240
347,38,29,1927
348,38,30,1983
349,38,31,2030
350,38,32,2127
351,38,33,2289
352,38,34,2453
353,38,35,2198
354,38,36,2385
355,38,37,2591
356,38,38,2347
357,38,39,2377
358,38,40,2495
359,38,41,2176
360,38,42,2240
361,38,43,2406
362,38,44,2456
363,38,45,2543
364,38,46,2682
365,38,47,2785
366,38,48,3180
367,38,49,1915
368,38,50,1916
369,38,51,2509
370,38,52,2548
371,24,0,217
372,24,1,213
373,24,2,166
374,24,3,163
375,24,4,244
376,24,5,273
377,24,6,202
378,24,7,276
379,24,8,337
380,24,9,324
381,24,10,175
382,24,11,188
383,24,12,156
384,24,13,235
385,24,14,254
386,24,15,254
387,24,16,142
388,24,17,180
389,24,18,166
390,24,19,154
391,24,20,145
392,24,21,115
393,24,22,206
394,24,23,333
395,24,24,505
396,24,25,615
397,24,26,509
398,24,27,499
399,24,28,396
400,24,29,708
401,24,30,557
402,24,31,519
403,24,32,560
404,24,33,402
405,24,34,446
406,24,35,451
407,24,36,483
408,24,37,459
409,24,38,537
410,24,39,543
411,24,40,519
412,24,41,488
413,24,42,504
414,24,43,513
415,24,44,549
416,24,45,503
417,24,46,599
418,24,47,709
419,24,48,677
420,24,49,812
421,24,50,530
422,24,51,473
423,24,52,459
424,53,0,2446
425,53,1,2609
426,53,2,2534
427,53,3,2635
428,53,4,2483
429,53,5,2650
430,53,6,2375
431,53,7,2297
432,53,8,2606
433,53,9,2713
434,53,10,2813
435,53,11,2518
436,53,12,2544
437,53,13,2794
438,53,14,2862
439,53,15,2577
440,53,16,2536
441,53,17,2736
442,53,18,2781
443,53,19,2524
444,53,20,2610
445,53,21,2701
446,53,22,2742
447,53,23,3950
448,53,24,4751
449,53,25,4592
450,53,26,4546
451,53,27,4679
452,53,28,4304
453,53,29,4305
454,53,30,3791
455,53,31,4386
456,53,32,4644
457,53,33,4718
458,53,34,4700
459,53,35,4174
460,53,36,5024
461,53,37,4820
462,53,38,4642
463,53,39,5052
464,53,40,5091
465,53,41,4697
466,53,42,5010
467,53,43,4834
468,53,44,5011
469,53,45,4931
470,53,46,5340
471,53,47,5779
472,53,48,5981
473,53,49,4448
474,53,50,3693
475,53,51,4816
476,53,52,4706
477,13,0,797
478,13,1,790
479,13,2,756
480,13,3,817
481,13,4,868
482,13,5,985
483,13,6,853
484,13,7,1042
485,13,8,966
486,13,9,1023
487,13,10,933
488,13,11,879
489,13,12,778
490,13,13,778
491,13,14,935
492,13,15,926
493,13,16,685
494,13,17,689
495,13,18,745
496,13,19,787
497,13,20,879
498,13,21,696
499,13,22,840
500,13,23,1576
501,13,24,1827
502,13,25,2142
503,13,26,1945
504,13,27,1895
505,13,28,1759
506,13,29,2085
507,13,30,1848
508,13,31,1727
509,13,32,1809
510,13,33,1981
511,13,34,2269
512,13,35,2069
513,13,36,2107
514,13,37,2151
515,13,38,2066
516,13,39,2278
517,13,40,2384
518,13,41,2152
519,13,42,2037
520,13,43,2129
521,13,44,2216
522,13,45,2397
523,13,46,2811
524,13,47,2820
525,13,48,3011
526,13,49,2452
527,13,50,1992
528,13,51,2018
529,13,52,2083
530,4,0,1912
531,4,1,1845
532,4,2,1803
533,4,3,1953
534,4,4,1933
535,4,5,2017
536,4,6,1999
537,4,7,2078
538,4,8,2147
539,4,9,2143
540,4,10,2155
541,4,11,2058
542,4,12,2050
543,4,13,2108
544,4,14,2239
545,4,15,1791
546,4,16,1828
547,4,17,1786
548,4,18,1919
549,4,19,2145
550,4,20,1910
551,4,21,2033
552,4,22,1979
553,4,23,2622
554,4,24,3264
555,4,25,3123
556,4,26,3296
557,4,27,3536
558,4,28,2941
559,4,29,3448
560,4,30,2740
561,4,31,3217
562,4,32,2680
563,4,33,3350
564,4,34,3710
565,4,35,2731
566,4,36,2802
567,4,37,2826
568,4,38,3049
569,4,39,2796
570,4,40,3005
571,4,41,3306
572,4,42,2769
573,4,43,3155
574,4,44,3479
575,4,45,3208
576,4,46,4082
577,4,47,4140
578,4,48,4186
579,4,49,3967
580,4,50,3149
581,4,51,2840
582,4,52,3284
583,7,0,528
584,7,1,552
585,7,2,435
586,7,3,526
587,7,4,471
588,7,5,592
589,7,6,481
590,7,7,651
591,7,8,731
592,7,9,813
593,7,10,547
594,7,11,529
595,7,12,568
596,7,13,626
597,7,14,478
598,7,15,587
599,7,16,530
600,7,17,462
601,7,18,493
602,7,19,488
603,7,20,641
604,7,21,490
605,7,22,507
606,7,23,1364
607,7,24,1633
608,7,25,1723
609,7,26,1759
610,7,27,1630
611,7,28,1664
612,7,29,1933
613,7,30,1726
614,7,31,1681
615,7,32,1345
616,7,33,1728
617,7,34,1782
618,7,35,1823
619,7,36,1507
620,7,37,1699
621,7,38,1626
622,7,39,1526
623,7,40,1983
624,7,41,1611
625,7,42,1416
626,7,43,1698
627,7,44,2174
628,7,45,1906
629,7,46,2229
630,7,47,2446
631,7,48,2524
632,7,49,2891
633,7,50,2728
634,7,51,1915
635,7,52,1767
636,11,0,363
637,11,1,395
638,11,2,320
639,11,3,349
640,11,4,383
641,11,5,372
642,11,6,390
643,11,7,431
644,11,8,484
645,11,9,525
646,11,10,494
647,11,11,435
648,11,12,382
649,11,13,403
650,11,14,528
651,11,15,592
652,11,16,319
653,11,17,403
654,11,18,332
655,11,19,301
656,11,20,426
657,11,21,419
658,11,22,350
659,11,23,1233
660,11,24,1562
661,11,25,1776
662,11,26,1654
663,11,27,1572
664,11,28,1657
665,11,29,2175
666,11,30,1802
667,11,31,1743
668,11,32,1424
669,11,33,1476
670,11,34,1716
671,11,35,1744
672,11,36,1720
673,11,37,1561
674,11,38,1472
675,11,39,1577
676,11,40,1860
677,11,41,1406
678,11,42,1246
679,11,43,1522
680,11,44,1909
681,11,45,1681
682,11,46,1910
683,11,47,2104
684,11,48,2112
685,11,49,2473
686,11,50,2019
687,11,51,1596
688,11,52,1569
689,23,0,397
690,23,1,347
691,23,2,369
692,23,3,424
693,23,4,375
694,23,5,424
695,23,6,605
696,23,7,454
697,23,8,521
698,23,9,447
699,23,10,506
700,23,11,377
701,23,12,310
702,23,13,403
703,23,14,445
704,23,15,361
705,23,16,459
706,23,17,426
707,23,18,433
708,23,19,394
709,23,20,470
710,23,21,464
711,23,22,463
712,23,23,592
713,23,24,765
714,23,25,587
715,23,26,635
716,23,27,663
717,23,28,583
718,23,29,499
719,23,30,545
720,23,31,653
721,23,32,654
722,23,33,650
723,23,34,704
724,23,35,676
725,23,36,707
726,23,37,732
727,23,38,708
728,23,39,811
729,23,40,816
730,23,41,773
731,23,42,817
732,23,43,739
733,23,44,853
734,23,45,730
735,23,46,835
736,23,47,929
737,23,48,728
738,23,49,645
739,23,50,523
740,23,51,752
741,23,52,760
742,76,0,265
743,76,1,276
744,76,2,272
745,76,3,242
746,76,4,228
747,76,5,330
748,76,6,284
749,76,7,294
750,76,8,416
751,76,9,373
752,76,10,283
753,76,11,208
754,76,12,305
755,76,13,298
756,76,14,361
757,76,15,211
758,76,16,217
759,76,17,205
760,76,18,244
761,76,19,263
762,76,20,201
763,76,21,217
764,76,22,268
765,76,23,510
766,76,24,585
767,76,25,716
768,76,26,676
769,76,27,676
770,76,28,617
771,76,29,833
772,76,30,736
773,76,31,682
774,76,32,732
775,76,33,542
776,76,34,742
777,76,35,667
778,76,36,565
779,76,37,529
780,76,38,675
781,76,39,690
782,76,40,533
783,76,41,519
784,76,42,496
785,76,43,853
786,76,44,885
787,76,45,647
788,76,46,922
789,76,47,1302
790,76,48,1007
791,76,49,983
792,76,50,456
793,76,51,564
794,76,52,804
795,77,0,303
796,77,1,394
797,77,2,292
798,77,3,320
799,77,4,271
800,77,5,314
801,77,6,240
802,77,7,272
803,77,8,406
804,77,9,434
805,77,10,317
806,77,11,333
807,77,12,240
808,77,13,287
809,77,14,327
810,77,15,358
811,77,16,292
812,77,17,208
813,77,18,209
814,77,19,171
815,77,20,225
816,77,21,163
817,77,22,216
818,77,23,226
819,77,24,325
820,77,25,482
821,77,26,393
822,77,27,383
823,77,28,302
824,77,29,529
825,77,30,374
826,77,31,413
827,77,32,316
828,77,33,365
829,77,34,394
830,77,35,325
831,77,36,333
832,77,37,350
833,77,38,398
834,77,39,402
835,77,40,393
836,77,41,376
837,77,42,285
838,77,43,346
839,77,44,495
840,77,45,441
841,77,46,543
842,77,47,629
843,77,48,591
844,77,49,769
845,77,50,507
846,77,51,439
847,77,52,433
848,1,0,606
849,1,1,672
850,1,2,670
851,1,3,663
852,1,4,670
853,1,5,607
854,1,6,600
855,1,7,647
856,1,8,699
857,1,9,1134
858,1,10,1005
859,1,11,944
860,1,12,844
861,1,13,817
862,1,14,936
863,1,15,966
864,1,16,885
865,1,17,893
866,1,18,916
867,1,19,869
868,1,20,933
869,1,21,1074
870,1,22,1002
871,1,23,1714
872,1,24,2185
873,1,25,2323
874,1,26,2200
875,1,27,2013
876,1,28,1853
877,1,29,2159
878,1,30,1981
879,1,31,2016
880,1,32,1753
881,1,33,1973
882,1,34,2350
883,1,35,2234
884,1,36,2209
885,1,37,2199
886,1,38,2252
887,1,39,2589
888,1,40,2269
889,1,41,2134
890,1,42,2305
891,1,43,2422
892,1,44,2413
893,1,45,2523
894,1,46,2844
895,1,47,2850
896,1,48,3021
897,1,49,2820
898,1,50,2275
899,1,51,2164
900,1,52,2169
901,18,0,1496
902,18,1,1656
903,18,2,1424
904,18,3,1441
905,18,4,1575
906,18,5,1654
907,18,6,1497
908,18,7,1720
909,18,8,1709
910,18,9,1763
911,18,10,1654
912,18,11,1613
913,18,12,1453
914,18,13,1649
915,18,14,1711
916,18,15,1301
917,18,16,1500
918,18,17,1603
919,18,18,1706
920,18,19,1591
921,18,20,1587
922,18,21,1614
923,18,22,1601
924,18,23,2415
925,18,24,2519
926,18,25,2398
927,18,26,2113
928,18,27,2358
929,18,28,2398
930,18,29,2225
931,18,30,1621
932,18,31,2148
933,18,32,2170
934,18,33,2078
935,18,34,1955
936,18,35,1967
937,18,36,2107
938,18,37,1957
939,18,38,1919
940,18,39,2158
941,18,40,2245
942,18,41,1986
943,18,42,2133
944,18,43,2191
945,18,44,2240
946,18,45,2476
947,18,46,2569
948,18,47,2873
949,18,48,2593
950,18,49,2164
951,18,50,1462
952,18,51,1903
953,18,52,2029
954,31,0,196
955,31,1,177
956,31,2,190
957,31,3,165
958,31,4,116
959,31,5,199
960,31,6,190
961,31,7,189
962,31,8,258
963,31,9,253
964,31,10,266
965,31,11,207
966,31,12,191
967,31,13,214
968,31,14,260
969,31,15,260
970,31,16,199
971,31,17,245
972,31,18,241
973,31,19,222
974,31,20,208
975,31,21,217
976,31,22,216
977,31,23,322
978,31,24,399
979,31,25,402
980,31,26,381
981,31,27,332
982,31,28,348
983,31,29,403
984,31,30,383
985,31,31,359
986,31,32,323
987,31,33,413
988,31,34,401
989,31,35,345
990,31,36,409
991,31,37,402
992,31,38,423
993,31,39,363
994,31,40,395
995,31,41,335
996,31,42,353
997,31,43,427
998,31,44,348
999,31,45,455
1000,31,46,387
1001,31,47,389
1002,31,48,392
1003,31,49,343
1004,31,50,306
1005,31,51,354
1006,31,52,384
1007,75,0,1128
1008,75,1,1209
1009,75,2,1259
1010,75,3,1267
1011,75,4,1239
1012,75,5,1387
1013,75,6,1101
1014,75,7,1391
1015,75,8,1431
1016,75,9,1658
1017,75,10,1375
1018,75,11,1126
1019,75,12,1247
1020,75,13,1312
1021,75,14,1452
1022,75,15,1490
1023,75,16,985
1024,75,17,1187
1025,75,18,1233
1026,75,19,1236
1027,75,20,1236
1028,75,21,1243
1029,75,22,1415
1030,75,23,2304
1031,75,24,3351
1032,75,25,3379
1033,75,26,3380
1034,75,27,3374
1035,75,28,3094
1036,75,29,3148
1037,75,30,3000
1038,75,31,3152
1039,75,32,3141
1040,75,33,3021
1041,75,34,3407
1042,75,35,3456
1043,75,36,3158
1044,75,37,3158
1045,75,38,3231
1046,75,39,2855
1047,75,40,2869
1048,75,41,3058
1049,75,42,2792
1050,75,43,2880
1051,75,44,3134
1052,75,45,2887
1053,75,46,3215
1054,75,47,3322
1055,75,48,3938
1056,75,49,3056
1057,75,50,2474
1058,75,51,2836
1059,75,52,3023
1060,20,0,293
1061,20,1,255
1062,20,2,278
1063,20,3,423
1064,20,4,274
1065,20,5,361
1066,20,6,297
1067,20,7,357
1068,20,8,428
1069,20,9,354
1070,20,10,275
1071,20,11,360
1072,20,12,337
1073,20,13,347
1074,20,14,429
1075,20,15,383
1076,20,16,384
1077,20,17,275
1078,20,18,386
1079,20,19,299
1080,20,20,288
1081,20,21,350
1082,20,22,409
1083,20,23,587
1084,20,24,849
1085,20,25,994
1086,20,26,886
1087,20,27,974
1088,20,28,695
1089,20,29,1270
1090,20,30,1089
1091,20,31,1013
1092,20,32,976
1093,20,33,795
1094,20,34,1043
1095,20,35,937
1096,20,36,1058
1097,20,37,929
1098,20,38,1020
1099,20,39,940
1100,20,40,1044
1101,20,41,921
1102,20,42,780
1103,20,43,954
1104,20,44,1062
1105,20,45,985
1106,20,46,1064
1107,20,47,1214
1108,20,48,1151
1109,20,49,1126
1110,20,50,769
1111,20,51,612
1112,20,52,717
1113,72,0,1319
1114,72,1,1286
1115,72,2,1266
1116,72,3,1309
1117,72,4,1250
1118,72,5,1396
1119,72,6,1211
1120,72,7,1269
1121,72,8,1557
1122,72,9,1341
1123,72,10,1433
1124,72,11,1264
1125,72,12,1092
1126,72,13,1331
1127,72,14,1434
1128,72,15,1554
1129,72,16,1146
1130,72,17,1433
1131,72,18,1427
1132,72,19,1329
1133,72,20,1416
1134,72,21,1436
1135,72,22,1524
1136,72,23,2373
1137,72,24,3127
1138,72,25,3161
1139,72,26,2954
1140,72,27,2755
1141,72,28,2625
1142,72,29,2958
1143,72,30,2654
1144,72,31,2903
1145,72,32,2722
1146,72,33,2842
1147,72,34,2684
1148,72,35,2795
1149,72,36,2622
1150,72,37,2723
1151,72,38,2607
1152,72,39,2558
1153,72,40,2738
1154,72,41,2454
1155,72,42,2558
1156,72,43,2549
1157,72,44,2859
1158,72,45,2703
1159,72,46,3042
1160,72,47,2973
1161,72,48,3329
1162,72,49,2486
1163,72,50,1959
1164,72,51,2587
1165,72,52,2486
1166,58,0,881
1167,58,1,942
1168,58,2,909
1169,58,3,1032
1170,58,4,899
1171,58,5,920
1172,58,6,981
1173,58,7,840
1174,58,8,1080
1175,58,9,1117
1176,58,10,1165
1177,58,11,1040
1178,58,12,1068
1179,58,13,1078
1180,58,14,1436
1181,58,15,1098
1182,58,16,1176
1183,58,17,1233
1184,58,18,1334
1185,58,19,1036
1186,58,20,1140
1187,58,21,1060
1188,58,22,1096
1189,58,23,2064
1190,58,24,2430
1191,58,25,2493
1192,58,26,2448
1193,58,27,2537
1194,58,28,2239
1195,58,29,2073
1196,58,30,2009
1197,58,31,2278
1198,58,32,2257
1199,58,33,2134
1200,58,34,2715
1201,58,35,2459
1202,58,36,2536
1203,58,37,3070
1204,58,38,2764
1205,58,39,2719
1206,58,40,3035
1207,58,41,2814
1208,58,42,2611
1209,58,43,2460
1210,58,44,2299
1211,58,45,2455
1212,58,46,2599
1213,58,47,2679
1214,58,48,2822
1215,58,49,1745
1216,58,50,2043
1217,58,51,2442
1218,58,52,2525
1219,52,0,244
1220,52,1,239
1221,52,2,284
1222,52,3,231
1223,52,4,248
1224,52,5,245
1225,52,6,287
1226,52,7,280
1227,52,8,360
1228,52,9,304
1229,52,10,392
1230,52,11,317
1231,52,12,203
1232,52,13,263
1233,52,14,264
1234,52,15,139
1235,52,16,296
1236,52,17,321
1237,52,18,278
1238,52,19,248
1239,52,20,297
1240,52,21,216
1241,52,22,233
1242,52,23,526
1243,52,24,1005
1244,52,25,853
1245,52,26,777
1246,52,27,940
1247,52,28,774
1248,52,29,632
1249,52,30,636
1250,52,31,674
1251,52,32,713
1252,52,33,738
1253,52,34,606
1254,52,35,510
1255,52,36,901
1256,52,37,709
1257,52,38,775
1258,52,39,887
1259,52,40,866
1260,52,41,823
1261,52,42,774
1262,52,43,759
1263,52,44,699
1264,52,45,734
1265,52,46,705
1266,52,47,857
1267,52,48,730
1268,52,49,405
1269,52,50,253
1270,52,51,515
1271,52,52,623
1272,10,0,302
1273,10,1,199
1274,10,2,201
1275,10,3,213
1276,10,4,216
1277,10,5,199
1278,10,6,215
1279,10,7,212
1280,10,8,235
1281,10,9,268
1282,10,10,241
1283,10,11,176
1284,10,12,154
1285,10,13,209
1286,10,14,188
1287,10,15,146
1288,10,16,167
1289,10,17,189
1290,10,18,182
1291,10,19,143
1292,10,20,170
1293,10,21,188
1294,10,22,230
1295,10,23,714
1296,10,24,1191
1297,10,25,1321
1298,10,26,1313
1299,10,27,1270
1300,10,28,1126
1301,10,29,1667
1302,10,30,1420
1303,10,31,1123
1304,10,32,1054
1305,10,33,1222
1306,10,34,1243
1307,10,35,1344
1308,10,36,1278
1309,10,37,1549
1310,10,38,1474
1311,10,39,1362
1312,10,40,1421
1313,10,41,1384
1314,10,42,1126
1315,10,43,1453
1316,10,44,1424
1317,10,45,1270
1318,10,46,1307
1319,10,47,1240
1320,10,48,1199
1321,10,49,1326
1322,10,50,1219
1323,10,51,884
1324,10,52,929
1325,69,0,173
1326,69,1,134
1327,69,2,188
1328,69,3,151
1329,69,4,133
1330,69,5,163
1331,69,6,180
1332,69,7,239
1333,69,8,287
1334,69,9,281
1335,69,10,78
1336,69,11,120
1337,69,12,120
1338,69,13,112
1339,69,14,138
1340,69,15,195
1341,69,16,53
1342,69,17,87
1343,69,18,71
1344,69,19,93
1345,69,20,66
1346,69,21,94
1347,69,22,83
1348,69,23,114
1349,69,24,94
1350,69,25,105
1351,69,26,36
1352,69,27,86
1353,69,28,61
1354,69,29,110
1355,69,30,99
1356,69,31,60
1357,69,32,94
1358,69,33,91
1359,69,34,85
1360,69,35,150
1361,69,36,282
1362,69,37,450
1363,69,38,560
1364,69,39,439
1365,69,40,438
1366,69,41,463
1367,69,42,390
1368,69,43,464
1369,69,44,478
1370,69,45,430
1371,69,46,513
1372,69,47,509
1373,69,48,1008
1374,69,49,445
1375,69,50,397
1376,69,51,464
1377,69,52,469
1378,68,0,86
1379,68,1,82
1380,68,2,83
1381,68,3,83
1382,68,4,80
1383,68,5,125
1384,68,6,75
1385,68,7,75
1386,68,8,89
1387,68,9,81
1388,68,10,115
1389,68,11,84
1390,68,12,81
1391,68,13,84
1392,68,14,82
1393,68,15,119
1394,68,16,62
1395,68,17,69
1396,68,18,62
1397,68,19,64
1398,68,20,73
1399,68,21,69
1400,68,22,92
1401,68,23,66
1402,68,24,70
1403,68,25,83
1404,68,26,85
1405,68,27,92
1406,68,28,79
1407,68,29,50
1408,68,30,61
1409,68,31,67
1410,68,32,88
1411,68,33,89
1412,68,34,102
1413,68,35,85
1414,68,36,74
1415,68,37,104
1416,68,38,73
1417,68,39,73
1418,68,40,75
1419,68,41,78
1420,68,42,52
1421,68,43,85
1422,68,44,73
1423,68,45,79
1424,68,46,99
1425,68,47,80
1426,68,48,124
1427,68,49,123
1428,68,50,72
1429,68,51,85
1430,68,52,102
1431,55,0,1252
1432,55,1,1275
1433,55,2,1233
1434,55,3,1463
1435,55,4,1415
1436,55,5,1470
1437,55,6,1476
1438,55,7,1355
1439,55,8,1624
1440,55,9,1667
1441,55,10,1418
1442,55,11,1454
1443,55,12,1423
1444,55,13,1307
1445,55,14,1430
1446,55,15,1619
1447,55,16,1193
1448,55,17,1339
1449,55,18,1426
1450,55,19,1390
1451,55,20,1480
1452,55,21,1308
1453,55,22,1401
1454,55,23,2070
1455,55,24,2447
1456,55,25,2613
1457,55,26,2476
1458,55,27,2277
1459,55,28,1928
1460,55,29,2039
1461,55,30,1807
1462,55,31,2410
1463,55,32,2108
1464,55,33,1965
1465,55,34,2353
1466,55,35,2378
1467,55,36,2216
1468,55,37,2131
1469,55,38,2183
1470,55,39,2211
1471,55,40,2301
1472,55,41,2378
1473,55,42,2185
1474,55,43,2191
1475,55,44,2261
1476,55,45,2214
1477,55,46,2271
1478,55,47,2128
1479,55,48,2547
1480,55,49,1500
1481,55,50,1644
1482,55,51,2105
1483,55,52,1940
1537,47,0,1068
1538,47,1,1090
1539,47,2,1167
1540,47,3,1243
1541,47,4,1128
1542,47,5,1082
1543,47,6,1219
1544,47,7,1041
1545,47,8,1387
1546,47,9,1344
1547,47,10,1243
1548,47,11,1179
1549,47,12,1259
1550,47,13,1193
1551,47,14,1242
1552,47,15,1293
1553,47,16,910
1554,47,17,1218
1555,47,18,1317
1556,47,19,1103
1557,47,20,1175
1558,47,21,1161
1559,47,22,1207
1560,47,23,2686
1561,47,24,3814
1562,47,25,4018
1563,47,26,3695
1564,47,27,3653
1565,47,28,3651
1566,47,29,3185
1567,47,30,2923
1568,47,31,3520
1569,47,32,3512
1570,47,33,3569
1571,47,34,3501
1572,47,35,3589
1573,47,36,3748
1574,47,37,3992
1575,47,38,4342
1576,47,39,3651
1577,47,40,3529
1578,47,41,3606
1579,47,42,3766
1580,47,43,3533
1581,47,44,3275
1582,47,45,3838
1583,47,46,3396
1584,47,47,3746
1585,47,48,3943
1586,47,49,2189
1587,47,50,2412
1588,47,51,3539
1589,47,52,3362
1590,62,0,633
1591,62,1,627
1592,62,2,639
1593,62,3,621
1594,62,4,386
1595,62,5,410
1596,62,6,355
1597,62,7,323
1598,62,8,563
1599,62,9,614
1600,62,10,572
1601,62,11,533
1602,62,12,573
1603,62,13,609
1604,62,14,617
1605,62,15,489
1606,62,16,490
1607,62,17,615
1608,62,18,673
1609,62,19,600
1610,62,20,549
1611,62,21,662
1612,62,22,627
1613,62,23,1526
1614,62,24,2267
1615,62,25,2308
1616,62,26,2220
1617,62,27,2270
1618,62,28,2065
1619,62,29,2259
1620,62,30,1952
1621,62,31,2011
1622,62,32,2077
1623,62,33,2159
1624,62,34,2327
1625,62,35,1834
1626,62,36,1722
1627,62,37,1800
1628,62,38,1643
1629,62,39,1742
1630,62,40,1834
1631,62,41,1662
1632,62,42,1618
1633,62,43,1613
1634,62,44,1684
1635,62,45,1747
1636,62,46,1704
1637,62,47,1848
1638,62,48,1971
1639,62,49,1544
1640,62,50,1467
1641,62,51,1918
1642,62,52,1967
1643,27,0,1128
1644,27,1,1263
1645,27,2,950
1646,27,3,1059
1647,27,4,1132
1648,27,5,1223
1649,27,6,1228
1650,27,7,1112
1651,27,8,1174
1652,27,9,1309
1653,27,10,1467
1654,27,11,1250
1655,27,12,1285
1656,27,13,1231
1657,27,14,1216
1658,27,15,740
1659,27,16,1194
1660,27,17,1171
1661,27,18,1154
1662,27,19,1091
1663,27,20,1189
1664,27,21,1033
1665,27,22,1249
1666,27,23,1873
1667,27,24,2841
1668,27,25,2538
1669,27,26,2729
1670,27,27,2997
1671,27,28,2855
1672,27,29,1965
1673,27,30,2134
1674,27,31,2779
1675,27,32,2914
1676,27,33,2877
1677,27,34,2906
1678,27,35,2318
1679,27,36,3252
1680,27,37,2690
1681,27,38,2891
1682,27,39,3196
1683,27,40,3290
1684,27,41,2645
1685,27,42,2803
1686,27,43,3049
1687,27,44,2753
1688,27,45,3282
1689,27,46,3571
1690,27,47,3729
1691,27,48,3548
1692,27,49,2386
1693,27,50,1439
1694,27,51,2732
1695,27,52,3155
1696,29,0,1358
1697,29,1,1311
1698,29,2,1329
1699,29,3,1261
1700,29,4,1436
1701,29,5,1461
1702,29,6,1399
1703,29,7,1323
1704,29,8,1242
1705,29,9,1343
1706,29,10,1695
1707,29,11,1728
1708,29,12,1893
1709,29,13,1791
1710,29,14,1595
1711,29,15,1162
1712,29,16,1500
1713,29,17,1627
1714,29,18,1504
1715,29,19,1486
1716,29,20,1414
1717,29,21,1399
1718,29,22,1324
1719,29,23,3122
1720,29,24,4539
1721,29,25,4274
1722,29,26,3916
1723,29,27,4474
1724,29,28,4280
1725,29,29,3336
1726,29,30,3387
1727,29,31,3999
1728,29,32,4187
1729,29,33,4173
1730,29,34,3928
1731,29,35,3435
1732,29,36,4207
1733,29,37,3726
1734,29,38,3670
1735,29,39,4122
1736,29,40,4096
1737,29,41,3701
1738,29,42,3986
1739,29,43,3953
1740,29,44,3675
1741,29,45,4056
1742,29,46,4311
1743,29,47,4571
1744,29,48,4824
1745,29,49,3110
1746,29,50,2440
1747,29,51,3593
1748,29,52,4047
1749,43,0,294
1750,43,1,359
1751,43,2,267
1752,43,3,294
1753,43,4,276
1754,43,5,388
1755,43,6,306
1756,43,7,309
1757,43,8,449
1758,43,9,377
1759,43,10,354
1760,43,11,374
1761,43,12,395
1762,43,13,295
1763,43,14,384
1764,43,15,327
1765,43,16,324
1766,43,17,301
1767,43,18,400
1768,43,19,332
1769,43,20,345
1770,43,21,287
1771,43,22,278
1772,43,23,410
1773,43,24,448
1774,43,25,414
1775,43,26,551
1776,43,27,566
1777,43,28,413
1778,43,29,454
1779,43,30,354
1780,43,31,401
1781,43,32,440
1782,43,33,427
1783,43,34,463
1784,43,35,487
1785,43,36,502
1786,43,37,505
1787,43,38,477
1788,43,39,486
1789,43,40,469
1790,43,41,567
1791,43,42,416
1792,43,43,435
1793,43,44,532
1794,43,45,494
1795,43,46,400
1796,43,47,428
1797,43,48,612
1798,43,49,303
1799,43,50,382
1800,43,51,539
1801,43,52,439
1802,3,0,387
1803,3,1,287
1804,3,2,224
1805,3,3,266
1806,3,4,267
1807,3,5,282
1808,3,6,279
1809,3,7,369
1810,3,8,420
1811,3,9,488
1812,3,10,392
1813,3,11,380
1814,3,12,389
1815,3,13,359
1816,3,14,468
1817,3,15,417
1818,3,16,307
1819,3,17,230
1820,3,18,265
1821,3,19,264
1822,3,20,212
1823,3,21,284
1824,3,22,308
1825,3,23,529
1826,3,24,654
1827,3,25,639
1828,3,26,632
1829,3,27,641
1830,3,28,614
1831,3,29,811
1832,3,30,484
1833,3,31,659
1834,3,32,534
1835,3,33,554
1836,3,34,604
1837,3,35,590
1838,3,36,615
1839,3,37,567
1840,3,38,640
1841,3,39,616
1842,3,40,756
1843,3,41,698
1844,3,42,624
1845,3,43,726
1846,3,44,699
1847,3,45,803
1848,3,46,901
1849,3,47,872
1850,3,48,770
1851,3,49,863
1852,3,50,757
1853,3,51,685
1854,3,52,679
1855,73,0,111
1856,73,1,132
1857,73,2,108
1858,73,3,130
1859,73,4,142
1860,73,5,120
1861,73,6,138
1862,73,7,155
1863,73,8,140
1864,73,9,147
1865,73,10,172
1866,73,11,135
1867,73,12,151
1868,73,13,107
1869,73,14,187
1870,73,15,182
1871,73,16,131
1872,73,17,121
1873,73,18,144
1874,73,19,179
1875,73,20,196
1876,73,21,199
1877,73,22,172
1878,73,23,195
1879,73,24,250
1880,73,25,245
1881,73,26,287
1882,73,27,298
1883,73,28,222
1884,73,29,225
1885,73,30,189
1886,73,31,215
1887,73,32,188
1888,73,33,174
1889,73,34,202
1890,73,35,242
1891,73,36,191
1892,73,37,169
1893,73,38,168
1894,73,39,225
1895,73,40,176
1896,73,41,156
1897,73,42,138
1898,73,43,155
1899,73,44,159
1900,73,45,148
1901,73,46,174
1902,73,47,149
1903,73,48,185
1904,73,49,239
1905,73,50,177
1906,73,51,179
1907,73,52,189
1908,70,0,280
1909,70,1,378
1910,70,2,430
1911,70,3,423
1912,70,4,328
1913,70,5,272
1914,70,6,431
1915,70,7,390
1916,70,8,242
1917,70,9,391
1918,70,10,298
1919,70,11,437
1920,70,12,405
1921,70,13,349
1922,70,14,373
1923,70,15,222
1924,70,16,381
1925,70,17,320
1926,70,18,301
1927,70,19,410
1928,70,20,377
1929,70,21,242
1930,70,22,357
1931,70,23,112
1932,70,24,310
1933,70,25,360
1934,70,26,296
1935,70,27,192
1936,70,28,367
1937,70,29,62
1938,70,30,248
1939,70,31,301
1940,70,32,112
1941,70,33,286
1942,70,34,354
1943,70,35,331
1944,70,36,262
1945,70,37,223
1946,70,38,355
1947,70,39,292
1948,70,40,335
1949,70,41,227
1950,70,42,257
1951,70,43,262
1952,70,44,250
1953,70,45,277
1954,70,46,196
1955,70,47,325
1956,70,48,354
1957,70,49,91
1958,70,50,237
1959,70,51,349
1960,70,52,295
1961,74,0,577
1962,74,1,571
1963,74,2,633
1964,74,3,713
1965,74,4,679
1966,74,5,632
1967,74,6,660
1968,74,7,714
1969,74,8,868
1970,74,9,862
1971,74,10,825
1972,74,11,844
1973,74,12,785
1974,74,13,722
1975,74,14,896
1976,74,15,859
1977,74,16,778
1978,74,17,850
1979,74,18,791
1980,74,19,830
1981,74,20,735
1982,74,21,794
1983,74,22,731
1984,74,23,1380
1985,74,24,1879
1986,74,25,1888
1987,74,26,2015
1988,74,27,1889
1989,74,28,1851
1990,74,29,1843
1991,74,30,1848
1992,74,31,1718
1993,74,32,1791
1994,74,33,1677
1995,74,34,1865
1996,74,35,1794
1997,74,36,1780
1998,74,37,1751
1999,74,38,1627
2000,74,39,1862
2001,74,40,1809
2002,74,41,1877
2003,74,42,1731
2004,74,43,1783
2005,74,44,1648
2006,74,45,1716
2007,74,46,1746
2008,74,47,1798
2009,74,48,2047
2010,74,49,1218
2011,74,50,1213
2012,74,51,1573
2013,74,52,1573
2014,45,0,452
2015,45,1,463
2016,45,2,417
2017,45,3,497
2018,45,4,482
2019,45,5,485
2020,45,6,492
2021,45,7,513
2022,45,8,635
2023,45,9,641
2024,45,10,578
2025,45,11,488
2026,45,12,471
2027,45,13,521
2028,45,14,584
2029,45,15,572
2030,45,16,517
2031,45,17,589
2032,45,18,502
2033,45,19,481
2034,45,20,485
2035,45,21,552
2036,45,22,562
2037,45,23,608
2038,45,24,505
2039,45,25,642
2040,45,26,633
2041,45,27,606
2042,45,28,587
2043,45,29,706
2044,45,30,619
2045,45,31,617
2046,45,32,496
2047,45,33,531
2048,45,34,587
2049,45,35,597
2050,45,36,478
2051,45,37,593
2052,45,38,585
2053,45,39,605
2054,45,40,614
2055,45,41,588
2056,45,42,585
2057,45,43,647
2058,45,44,617
2059,45,45,572
2060,45,46,598
2061,45,47,600
2062,45,48,613
2063,45,49,774
2064,45,50,661
2065,45,51,615
2066,45,52,533
2067,16,0,975
2068,16,1,487
2069,16,2,518
2070,16,3,547
2071,16,4,560
2072,16,5,586
2073,16,6,658
2074,16,7,719
2075,16,8,708
2076,16,9,633
2077,16,10,694
2078,16,11,656
2079,16,12,592
2080,16,13,554
2081,16,14,544
2082,16,15,695
2083,16,16,501
2084,16,17,511
2085,16,18,500
2086,16,19,563
2087,16,20,592
2088,16,21,592
2089,16,22,587
2090,16,23,826
2091,16,24,837
2092,16,25,1096
2093,16,26,1120
2094,16,27,946
2095,16,28,877
2096,16,29,1111
2097,16,30,963
2098,16,31,795
2099,16,32,877
2100,16,33,858
2101,16,34,1033
2102,16,35,1084
2103,16,36,927
2104,16,37,1148
2105,16,38,1209
2106,16,39,956
2107,16,40,1011
2108,16,41,1103
2109,16,42,868
2110,16,43,990
2111,16,44,985
2112,16,45,964
2113,16,46,1063
2114,16,47,1067
2115,16,48,1087
2116,16,49,788
2117,16,50,804
2118,16,51,925
2119,16,52,883
2120,22,0,438
2121,22,1,530
2122,22,2,447
2123,22,3,473
2124,22,4,467
2125,22,5,536
2126,22,6,464
2127,22,7,467
2128,22,8,536
2129,22,9,515
2130,22,10,489
2131,22,11,419
2132,22,12,462
2133,22,13,449
2134,22,14,439
2135,22,15,487
2136,22,16,422
2137,22,17,318
2138,22,18,405
2139,22,19,460
2140,22,20,308
2141,22,21,286
2142,22,22,386
2143,22,23,377
2144,22,24,404
2145,22,25,443
2146,22,26,359
2147,22,27,279
2148,22,28,253
2149,22,29,269
2150,22,30,256
2151,22,31,311
2152,22,32,75
2153,22,33,332
2154,22,34,301
2155,22,35,299
2156,22,36,288
2157,22,37,316
2158,22,38,262
2159,22,39,305
2160,22,40,281
2161,22,41,284
2162,22,42,259
2163,22,43,316
2164,22,44,230
2165,22,45,255
2166,22,46,255
2167,22,47,267
2168,22,48,241
2169,22,49,157
2170,22,50,155
2171,22,51,257
2172,22,52,301
2173,36,0,343
2174,36,1,447
2175,36,2,363
2176,36,3,369
2177,36,4,412
2178,36,5,394
2179,36,6,423
2180,36,7,378
2181,36,8,421
2182,36,9,445
2183,36,10,428
2184,36,11,430
2185,36,12,432
2186,36,13,458
2187,36,14,411
2188,36,15,335
2189,36,16,426
2190,36,17,422
2191,36,18,426
2192,36,19,349
2193,36,20,215
2194,36,21,391
2195,36,22,337
2196,36,23,1083
2197,36,24,1587
2198,36,25,1707
2199,36,26,1480
2200,36,27,1488
2201,36,28,1253
2202,36,29,1236
2203,36,30,1194
2204,36,31,1351
2205,36,32,1305
2206,36,33,1420
2207,36,34,1383
2208,36,35,1356
2209,36,36,1278
2210,36,37,934
2211,36,38,939
2212,36,39,1003
2213,36,40,910
2214,36,41,756
2215,36,42,863
2216,36,43,818
2217,36,44,886
2218,36,45,910
2219,36,46,970
2220,36,47,1433
2221,36,48,991
2222,36,49,725
2223,36,50,547
2224,36,51,876
2225,36,52,859
2226,17,0,388
2227,17,1,347
2228,17,2,360
2229,17,3,340
2230,17,4,256
2231,17,5,406
2232,17,6,389
2233,17,7,371
2234,17,8,396
2235,17,9,463
2236,17,10,415
2237,17,11,413
2238,17,12,381
2239,17,13,385
2240,17,14,471
2241,17,15,491
2242,17,16,357
2243,17,17,359
2244,17,18,345
2245,17,19,557
2246,17,20,413
2247,17,21,410
2248,17,22,431
2249,17,23,592
2250,17,24,779
2251,17,25,806
2252,17,26,740
2253,17,27,659
2254,17,28,584
2255,17,29,526
2256,17,30,627
2257,17,31,861
2258,17,32,645
2259,17,33,604
2260,17,34,664
2261,17,35,599
2262,17,36,634
2263,17,37,662
2264,17,38,676
2265,17,39,691
2266,17,40,681
2267,17,41,609
2268,17,42,634
2269,17,43,560
2270,17,44,575
2271,17,45,640
2272,17,46,632
2273,17,47,622
2274,17,48,653
2275,17,49,406
2276,17,50,363
2277,17,51,506
2278,17,52,585
2279,28,0,791
2280,28,1,851
2281,28,2,910
2282,28,3,827
2283,28,4,745
2284,28,5,841
2285,28,6,860
2286,28,7,827
2287,28,8,900
2288,28,9,894
2289,28,10,992
2290,28,11,970
2291,28,12,1005
2292,28,13,1018
2293,28,14,906
2294,28,15,523
2295,28,16,919
2296,28,17,848
2297,28,18,916
2298,28,19,972
2299,28,20,1018
2300,28,21,1088
2301,28,22,1131
2302,28,23,1416
2303,28,24,1717
2304,28,25,1796
2305,28,26,1631
2306,28,27,1791
2307,28,28,1592
2308,28,29,1328
2309,28,30,1292
2310,28,31,1507
2311,28,32,1618
2312,28,33,1609
2313,28,34,1643
2314,28,35,1262
2315,28,36,1650
2316,28,37,1489
2317,28,38,1478
2318,28,39,1605
2319,28,40,1701
2320,28,41,1411
2321,28,42,1616
2322,28,43,1762
2323,28,44,1636
2324,28,45,1730
2325,28,46,1852
2326,28,47,2072
2327,28,48,2106
2328,28,49,1175
2329,28,50,690
2330,28,51,1580
2331,28,52,1751
2332,67,0,182
2333,67,1,173
2334,67,2,80
2335,67,3,185
2336,67,4,133
2337,67,5,117
2338,67,6,229
2339,67,7,224
2340,67,8,351
2341,67,9,429
2342,67,10,261
2343,67,11,243
2344,67,12,240
2345,67,13,218
2346,67,14,282
2347,67,15,274
2348,67,16,179
2349,67,17,257
2350,67,18,217
2351,67,19,238
2352,67,20,173
2353,67,21,287
2354,67,22,303
2355,67,23,364
2356,67,24,454
2357,67,25,635
2358,67,26,595
2359,67,27,614
2360,67,28,606
2361,67,29,799
2362,67,30,573
2363,67,31,585
2364,67,32,505
2365,67,33,524
2366,67,34,489
2367,67,35,499
2368,67,36,497
2369,67,37,503
2370,67,38,501
2371,67,39,482
2372,67,40,471
2373,67,41,475
2374,67,42,507
2375,67,43,461
2376,67,44,645
2377,67,45,584
2378,67,46,728
2379,67,47,804
2380,67,48,708
2381,67,49,862
2382,67,50,631
2383,67,51,544
2384,67,52,564
2385,39,0,387
2386,39,1,412
2387,39,2,377
2388,39,3,405
2389,39,4,365
2390,39,5,403
2391,39,6,440
2392,39,7,452
2393,39,8,481
2394,39,9,499
2395,39,10,595
2396,39,11,483
2397,39,12,658
2398,39,13,527
2399,39,14,443
2400,39,15,261
2401,39,16,574
2402,39,17,599
2403,39,18,606
2404,39,19,556
2405,39,20,553
2406,39,21,659
2407,39,22,485
2408,39,23,946
2409,39,24,1345
2410,39,25,1206
2411,39,26,1141
2412,39,27,1283
2413,39,28,1184
2414,39,29,995
2415,39,30,1073
2416,39,31,1064
2417,39,32,1127
2418,39,33,1168
2419,39,34,1191
2420,39,35,922
2421,39,36,1379
2422,39,37,1205
2423,39,38,1103
2424,39,39,1272
2425,39,40,1249
2426,39,41,1103
2427,39,42,1131
2428,39,43,1222
2429,39,44,1123
2430,39,45,1125
2431,39,46,1336
2432,39,47,1493
2433,39,48,1437
2434,39,49,914
2435,39,50,516
2436,39,51,1020
2437,39,52,1213
2491,25,0,135
2492,25,1,94
2493,25,2,210
2494,25,3,183
2495,25,4,288
2496,25,5,314
2497,25,6,300
2498,25,7,186
2499,25,8,186
2500,25,9,171
2501,25,10,147
2502,25,11,159
2503,25,12,157
2504,25,13,175
2505,25,14,193
2506,25,15,210
2507,25,16,92
2508,25,17,115
2509,25,18,196
2510,25,19,231
2511,25,20,192
2512,25,21,193
2513,25,22,180
2514,25,23,436
2515,25,24,644
2516,25,25,718
2517,25,26,674
2518,25,27,685
2519,25,28,562
2520,25,29,620
2521,25,30,549
2522,25,31,676
2523,25,32,656
2524,25,33,689
2525,25,34,731
2526,25,35,772
2527,25,36,811
2528,25,37,723
2529,25,38,849
2530,25,39,971
2531,25,40,925
2532,25,41,801
2533,25,42,631
2534,25,43,696
2535,25,44,704
2536,25,45,692
2537,25,46,689
2538,25,47,656
2539,25,48,925
2540,25,49,600
2541,25,50,470
2542,25,51,657
2543,25,52,671
2544,9,0,192
2545,9,1,238
2546,9,2,196
2547,9,3,290
2548,9,4,235
2549,9,5,240
2550,9,6,253
2551,9,7,329
2552,9,8,395
2553,9,9,336
2554,9,10,337
2555,9,11,276
2556,9,12,285
2557,9,13,364
2558,9,14,363
2559,9,15,444
2560,9,16,314
2561,9,17,336
2562,9,18,246
2563,9,19,195
2564,9,20,316
2565,9,21,396
2566,9,22,310
2567,9,23,1352
2568,9,24,2356
2569,9,25,2539
2570,9,26,2341
2571,9,27,2644
2572,9,28,2517
2573,9,29,2493
2574,9,30,2073
2575,9,31,2393
2576,9,32,2500
2577,9,33,2523
2578,9,34,2624
2579,9,35,2876
2580,9,36,2563
2581,9,37,2608
2582,9,38,2555
2583,9,39,2536
2584,9,40,2685
2585,9,41,2572
2586,9,42,2197
2587,9,43,2374
2588,9,44,2810
2589,9,45,3019
2590,9,46,3004
2591,9,47,3526
2592,9,48,3497
2593,9,49,3587
2594,9,50,2445
2595,9,51,2141
2596,9,52,2415
2597,32,0,142
2598,32,1,125
2599,32,2,163
2600,32,3,189
2601,32,4,123
2602,32,5,163
2603,32,6,208
2604,32,7,221
2605,32,8,160
2606,32,9,120
2607,32,10,180
2608,32,11,183
2609,32,12,157
2610,32,13,124
2611,32,14,171
2612,32,15,195
2613,32,16,143
2614,32,17,153
2615,32,18,148
2616,32,19,165
2617,32,20,172
2618,32,21,189
2619,32,22,125
2620,32,23,200
2621,32,24,212
2622,32,25,213
2623,32,26,207
2624,32,27,82
2625,32,28,59
2626,32,29,211
2627,32,30,159
2628,32,31,163
2629,32,32,193
2630,32,33,214
2631,32,34,245
2632,32,35,169
2633,32,36,185
2634,32,37,277
2635,32,38,251
2636,32,39,280
2637,32,40,311
2638,32,41,305
2639,32,42,270
2640,32,43,257
2641,32,44,289
2642,32,45,282
2643,32,46,322
2644,32,47,354
2645,32,48,666
2646,32,49,284
2647,32,50,204
2648,32,51,234
2649,32,52,247
2650,66,0,89
2651,66,1,109
2652,66,2,115
2653,66,3,103
2654,66,4,144
2655,66,5,109
2656,66,6,119
2657,66,7,134
2658,66,8,147
2659,66,9,114
2660,66,10,130
2661,66,11,135
2662,66,12,114
2663,66,13,110
2664,66,14,121
2665,66,15,140
2666,66,16,112
2667,66,17,105
2668,66,18,125
2669,66,19,92
2670,66,20,104
2671,66,21,97
2672,66,22,83
2673,66,23,137
2674,66,24,161
2675,66,25,199
2676,66,26,163
2677,66,27,118
2678,66,28,126
2679,66,29,103
2680,66,30,129
2681,66,31,116
2682,66,32,153
2683,66,33,114
2684,66,34,92
2685,66,35,61
2686,66,36,124
2687,66,37,146
2688,66,38,112
2689,66,39,125
2690,66,40,111
2691,66,41,147
2692,66,42,139
2693,66,43,83
2694,66,44,143
2695,66,45,178
2696,66,46,159
2697,66,47,178
2698,66,48,200
2699,66,49,159
2700,66,50,61
2701,66,51,126
2702,66,52,121
2703,8,0,168
2704,8,1,186
2705,8,2,185
2706,8,3,213
2707,8,4,218
2708,8,5,239
2709,8,6,220
2710,8,7,290
2711,8,8,253
2712,8,9,291
2713,8,10,266
2714,8,11,215
2715,8,12,205
2716,8,13,279
2717,8,14,239
2718,8,15,305
2719,8,16,190
2720,8,17,236
2721,8,18,287
2722,8,19,219
2723,8,20,292
2724,8,21,264
2725,8,22,283
2726,8,23,472
2727,8,24,548
2728,8,25,498
2729,8,26,474
2730,8,27,540
2731,8,28,481
2732,8,29,472
2733,8,30,505
2734,8,31,640
2735,8,32,458
2736,8,33,477
2737,8,34,422
2738,8,35,541
2739,8,36,490
2740,8,37,546
2741,8,38,491
2742,8,39,448
2743,8,40,359
2744,8,41,491
2745,8,42,392
2746,8,43,398
2747,8,44,441
2748,8,45,305
2749,8,46,397
2750,8,47,408
2751,8,48,425
2752,8,49,583
2753,8,50,345
2754,8,51,333
2755,8,52,463
2756,30,0,486
2757,30,1,428
2758,30,2,459
2759,30,3,512
2760,30,4,533
2761,30,5,584
2762,30,6,627
2763,30,7,538
2764,30,8,488
2765,30,9,500
2766,30,10,590
2767,30,11,530
2768,30,12,437
2769,30,13,406
2770,30,14,477
2771,30,15,419
2772,30,16,463
2773,30,17,379
2774,30,18,495
2775,30,19,357
2776,30,20,311
2777,30,21,317
2778,30,22,365
2779,30,23,515
2780,30,24,742
2781,30,25,655
2782,30,26,684
2783,30,27,665
2784,30,28,481
2785,30,29,460
2786,30,30,485
2787,30,31,566
2788,30,32,563
2789,30,33,518
2790,30,34,587
2791,30,35,573
2792,30,36,642
2793,30,37,640
2794,30,38,568
2795,30,39,662
2796,30,40,592
2797,30,41,589
2798,30,42,640
2799,30,43,590
2800,30,44,654
2801,30,45,617
2802,30,46,510
2803,30,47,600
2804,30,48,683
2805,30,49,346
2806,30,50,317
2807,30,51,537
2808,30,52,599
2809,14,0,165
2810,14,1,173
2811,14,2,152
2812,14,3,188
2813,14,4,184
2814,14,5,195
2815,14,6,127
2816,14,7,148
2817,14,8,190
2818,14,9,191
2819,14,10,181
2820,14,11,117
2821,14,12,186
2822,14,13,207
2823,14,14,229
2824,14,15,224
2825,14,16,176
2826,14,17,197
2827,14,18,194
2828,14,19,180
2829,14,20,203
2830,14,21,193
2831,14,22,248
2832,14,23,237
2833,14,24,295
2834,14,25,479
2835,14,26,447
2836,14,27,400
2837,14,28,400
2838,14,29,428
2839,14,30,366
2840,14,31,348
2841,14,32,319
2842,14,33,330
2843,14,34,290
2844,14,35,330
2845,14,36,251
2846,14,37,288
2847,14,38,333
2848,14,39,337
2849,14,40,365
2850,14,41,303
2851,14,42,291
2852,14,43,349
2853,14,44,319
2854,14,45,299
2855,14,46,341
2856,14,47,385
2857,14,48,435
2858,14,49,328
2859,14,50,357
2860,14,51,220
2861,14,52,282
2862,37,0,220
2863,37,1,271
2864,37,2,180
2865,37,3,267
2866,37,4,254
2867,37,5,296
2868,37,6,252
2869,37,7,268
2870,37,8,308
2871,37,9,279
2872,37,10,303
2873,37,11,244
2874,37,12,303
2875,37,13,289
2876,37,14,314
2877,37,15,277
2878,37,16,219
2879,37,17,328
2880,37,18,287
2881,37,19,277
2882,37,20,333
2883,37,21,319
2884,37,22,337
2885,37,23,443
2886,37,24,391
2887,37,25,453
2888,37,26,414
2889,37,27,457
2890,37,28,396
2891,37,29,454
2892,37,30,420
2893,37,31,426
2894,37,32,371
2895,37,33,405
2896,37,34,415
2897,37,35,422
2898,37,36,430
2899,37,37,416
2900,37,38,369
2901,37,39,411
2902,37,40,506
2903,37,41,464
2904,37,42,360
2905,37,43,367
2906,37,44,463
2907,37,45,404
2908,37,46,412
2909,37,47,518
2910,37,48,525
2911,37,49,509
2912,37,50,127
2913,37,51,306
2914,37,52,345
2915,56,0,44
2916,56,1,85
2917,56,2,87
2918,56,3,119
2919,56,4,102
2920,56,5,74
2921,56,6,69
2922,56,7,80
2923,56,8,164
2924,56,9,112
2925,56,10,118
2926,56,11,73
2927,56,12,72
2928,56,13,56
2929,56,14,165
2930,56,15,208
2931,56,16,71
2932,56,17,91
2933,56,18,62
2934,56,19,45
2935,56,20,75
2936,56,21,86
2937,56,22,63
2938,56,23,473
2939,56,24,792
2940,56,25,1006
2941,56,26,977
2942,56,27,908
2943,56,28,867
2944,56,29,1193
2945,56,30,1033
2946,56,31,779
2947,56,32,641
2948,56,33,772
2949,56,34,670
2950,56,35,983
2951,56,36,620
2952,56,37,808
2953,56,38,837
2954,56,39,672
2955,56,40,773
2956,56,41,761
2957,56,42,603
2958,56,43,735
2959,56,44,817
2960,56,45,667
2961,56,46,739
2962,56,47,707
2963,56,48,779
2964,56,49,483
2965,56,50,637
2966,56,51,672
2967,56,52,646
2968,2,0,117
2969,2,1,139
2970,2,2,129
2971,2,3,180
2972,2,4,163
2973,2,5,154
2974,2,6,131
2975,2,7,142
2976,2,8,119
2977,2,9,144
2978,2,10,149
2979,2,11,173
2980,2,12,161
2981,2,13,136
2982,2,14,155
2983,2,15,135
2984,2,16,123
2985,2,17,105
2986,2,18,137
2987,2,19,164
2988,2,20,166
2989,2,21,134
2990,2,22,119
2991,2,23,175
2992,2,24,197
2993,2,25,265
2994,2,26,255
2995,2,27,228
2996,2,28,240
2997,2,29,242
2998,2,30,224
2999,2,31,185
3000,2,32,139
3001,2,33,147
3002,2,34,220
3003,2,35,257
3004,2,36,166
3005,2,37,231
3006,2,38,185
3007,2,39,192
3008,2,40,179
3009,2,41,206
3010,2,42,163
3011,2,43,149
3012,2,44,170
3013,2,45,221
3014,2,46,201
3015,2,47,251
3016,2,48,201
3017,2,49,104
3018,2,50,212
3019,2,51,213
3020,2,52,182
3021,12,0,445
3022,12,1,465
3023,12,2,475
3024,12,3,468
3025,12,4,477
3026,12,5,489
3027,12,6,513
3028,12,7,512
3029,12,8,491
3030,12,9,468
3031,12,10,476
3032,12,11,480
3033,12,12,459
3034,12,13,468
3035,12,14,454
3036,12,15,422
3037,12,16,418
3038,12,17,433
3039,12,18,473
3040,12,19,472
3041,12,20,432
3042,12,21,448
3043,12,22,453
3044,12,23,753
3045,12,24,786
3046,12,25,819
3047,12,26,878
3048,12,27,899
3049,12,28,904
3050,12,29,1012
3051,12,30,966
3052,12,31,891
3053,12,32,743
3054,12,33,826
3055,12,34,785
3056,12,35,778
3057,12,36,718
3058,12,37,769
3059,12,38,855
3060,12,39,765
3061,12,40,722
3062,12,41,828
3063,12,42,710
3064,12,43,781
3065,12,44,750
3066,12,45,712
3067,12,46,834
3068,12,47,820
3069,12,48,811
3070,12,49,647
3071,12,50,704
3072,12,51,670
3073,12,52,649
3074,19,0,51
3075,19,1,25
3076,19,2,53
3077,19,3,93
3078,19,4,97
3079,19,5,92
3080,19,6,58
3081,19,7,65
3082,19,8,75
3083,19,9,142
3084,19,10,81
3085,19,11,112
3086,19,12,90
3087,19,13,55
3088,19,14,94
3089,19,15,122
3090,19,16,94
3091,19,17,96
3092,19,18,64
3093,19,19,68
3094,19,20,72
3095,19,21,59
3096,19,22,80
3097,19,23,255
3098,19,24,406
3099,19,25,418
3100,19,26,360
3101,19,27,408
3102,19,28,332
3103,19,29,437
3104,19,30,349
3105,19,31,291
3106,19,32,359
3107,19,33,328
3108,19,34,332
3109,19,35,433
3110,19,36,381
3111,19,37,367
3112,19,38,353
3113,19,39,394
3114,19,40,413
3115,19,41,389
3116,19,42,333
3117,19,43,316
3118,19,44,458
3119,19,45,420
3120,19,46,496
3121,19,47,517
3122,19,48,472
3123,19,49,538
3124,19,50,386
3125,19,51,338
3126,19,52,308
3127,33,0,265
3128,33,1,243
3129,33,2,245
3130,33,3,293
3131,33,4,250
3132,33,5,305
3133,33,6,283
3134,33,7,289
3135,33,8,325
3136,33,9,327
3137,33,10,322
3138,33,11,260
3139,33,12,328
3140,33,13,299
3141,33,14,308
3142,33,15,273
3143,33,16,311
3144,33,17,288
3145,33,18,290
3146,33,19,276
3147,33,20,290
3148,33,21,294
3149,33,22,210
3150,33,23,262
3151,33,24,256
3152,33,25,250
3153,33,26,236
3154,33,27,229
3155,33,28,202
3156,33,29,164
3157,33,30,110
3158,33,31,147
3159,33,32,228
3160,33,33,247
3161,33,34,238
3162,33,35,218
3163,33,36,255
3164,33,37,263
3165,33,38,293
3166,33,39,271
3167,33,40,248
3168,33,41,243
3169,33,42,233
3170,33,43,216
3171,33,44,230
3172,33,45,281
3173,33,46,256
3174,33,47,280
3175,33,48,274
3176,33,49,92
3177,33,50,151
3178,33,51,234
3179,33,52,246
3180,64,0,273
3181,64,1,264
3182,64,2,232
3183,64,3,274
3184,64,4,251
3185,64,5,230
3186,64,6,210
3187,64,7,252
3188,64,8,231
3189,64,9,228
3190,64,10,242
3191,64,11,222
3192,64,12,246
3193,64,13,251
3194,64,14,300
3195,64,15,182
3196,64,16,254
3197,64,17,276
3198,64,18,264
3199,64,19,274
3200,64,20,208
3201,64,21,229
3202,64,22,255
3203,64,23,512
3204,64,24,1201
3205,64,25,593
3206,64,26,514
3207,64,27,582
3208,64,28,421
3209,64,29,447
3210,64,30,460
3211,64,31,473
3212,64,32,532
3213,64,33,455
3214,64,34,452
3215,64,35,523
3216,64,36,508
3217,64,37,585
3218,64,38,451
3219,64,39,543
3220,64,40,527
3221,64,41,571
3222,64,42,543
3223,64,43,535
3224,64,44,522
3225,64,45,520
3226,64,46,668
3227,64,47,673
3228,64,48,693
3229,64,49,406
3230,64,50,360
3231,64,51,641
3232,64,52,500
3233,26,0,59
3234,26,1,75
3235,26,2,55
3236,26,3,48
3237,26,4,54
3238,26,5,45
3239,26,6,64
3240,26,7,59
3241,26,8,60
3242,26,9,65
3243,26,10,73
3244,26,11,54
3245,26,12,57
3246,26,13,63
3247,26,14,86
3248,26,15,66
3249,26,16,66
3250,26,17,68
3251,26,18,70
3252,26,19,69
3253,26,20,73
3254,26,21,59
3255,26,22,77
3256,26,23,82
3257,26,24,52
3258,26,25,37
3259,26,26,27
3260,26,27,38
3261,26,28,25
3262,26,29,33
3263,26,30,24
3264,26,31,27
3265,26,32,26
3266,26,33,50
3267,26,34,58
3268,26,35,53
3269,26,36,173
3270,26,37,339
3271,26,38,287
3272,26,39,275
3273,26,40,214
3274,26,41,318
3275,26,42,204
3276,26,43,245
3277,26,44,291
3278,26,45,223
3279,26,46,270
3280,26,47,229
3281,26,48,299
3282,26,49,399
3283,26,50,451
3284,26,51,190
3285,26,52,198
3286,42,0,82
3287,42,1,102
3288,42,2,91
3289,42,3,85
3290,42,4,82
3291,42,5,78
3292,42,6,85
3293,42,7,76
3294,42,8,118
3295,42,9,84
3296,42,10,72
3297,42,11,98
3298,42,12,111
3299,42,13,106
3300,42,14,99
3301,42,15,100
3302,42,16,119
3303,42,17,113
3304,42,18,109
3305,42,19,163
3306,42,20,94
3307,42,21,103
3308,42,22,102
3309,42,23,245
3310,42,24,430
3311,42,25,521
3312,42,26,440
3313,42,27,692
3314,42,28,706
3315,42,29,721
3316,42,30,616
3317,42,31,682
3318,42,32,679
3319,42,33,674
3320,42,34,719
3321,42,35,798
3322,42,36,719
3323,42,37,699
3324,42,38,739
3325,42,39,750
3326,42,40,707
3327,42,41,686
3328,42,42,655
3329,42,43,687
3330,42,44,756
3331,42,45,762
3332,42,46,710
3333,42,47,839
3334,42,48,897
3335,42,49,646
3336,42,50,759
3337,42,51,747
3338,42,52,671
3339,46,0,204
3340,46,1,192
3341,46,2,191
3342,46,3,235
3343,46,4,205
3344,46,5,219
3345,46,6,185
3346,46,7,190
3347,46,8,223
3348,46,9,178
3349,46,10,190
3350,46,11,186
3351,46,12,239
3352,46,13,210
3353,46,14,211
3354,46,15,201
3355,46,16,222
3356,46,17,220
3357,46,18,209
3358,46,19,223
3359,46,20,173
3360,46,21,210
3361,46,22,208
3362,46,23,365
3363,46,24,406
3364,46,25,487
3365,46,26,433
3366,46,27,402
3367,46,28,418
3368,46,29,360
3369,46,30,345
3370,46,31,497
3371,46,32,429
3372,46,33,399
3373,46,34,425
3374,46,35,425
3375,46,36,409
3376,46,37,389
3377,46,38,418
3378,46,39,367
3379,46,40,440
3380,46,41,445
3381,46,42,389
3382,46,43,410
3383,46,44,448
3384,46,45,429
3385,46,46,463
3386,46,47,490
3387,46,48,467
3388,46,49,408
3389,46,50,325
3390,46,51,418
3391,46,52,444
3392,35,0,330
3393,35,1,325
3394,35,2,327
3395,35,3,391
3396,35,4,337
3397,35,5,376
3398,35,6,361
3399,35,7,388
3400,35,8,357
3401,35,9,379
3402,35,10,360
3403,35,11,334
3404,35,12,321
3405,35,13,336
3406,35,14,707
3407,35,15,380
3408,35,16,333
3409,35,17,320
3410,35,18,331
3411,35,19,337
3412,35,20,338
3413,35,21,321
3414,35,22,348
3415,35,23,395
3416,35,24,290
3417,35,25,387
3418,35,26,284
3419,35,27,352
3420,35,28,233
3421,35,29,280
3422,35,30,231
3423,35,31,231
3424,35,32,256
3425,35,33,276
3426,35,34,266
3427,35,35,280
3428,35,36,235
3429,35,37,291
3430,35,38,266
3431,35,39,233
3432,35,40,232
3433,35,41,251
3434,35,42,275
3435,35,43,316
3436,35,44,264
3437,35,45,269
3438,35,46,301
3439,35,47,299
3440,35,48,276
3441,35,49,194
3442,35,50,200
3443,35,51,202
3444,35,52,221
3445,54,0,154
3446,54,1,147
3447,54,2,173
3448,54,3,131
3449,54,4,137
3450,54,5,182
3451,54,6,175
3452,54,7,174
3453,54,8,205
3454,54,9,241
3455,54,10,169
3456,54,11,238
3457,54,12,204
3458,54,13,197
3459,54,14,220
3460,54,15,155
3461,54,16,175
3462,54,17,186
3463,54,18,163
3464,54,19,168
3465,54,20,187
3466,54,21,173
3467,54,22,175
3468,54,23,277
3469,54,24,370
3470,54,25,356
3471,54,26,371
3472,54,27,347
3473,54,28,378
3474,54,29,284
3475,54,30,320
3476,54,31,283
3477,54,32,353
3478,54,33,369
3479,54,34,395
3480,54,35,268
3481,54,36,460
3482,54,37,380
3483,54,38,339
3484,54,39,321
3485,54,40,254
3486,54,41,245
3487,54,42,255
3488,54,43,192
3489,54,44,209
3490,54,45,294
3491,54,46,274
3492,54,47,340
3493,54,48,287
3494,54,49,230
3495,54,50,209
3496,54,51,255
3497,54,52,313
3498,60,0,84
3499,60,1,138
3500,60,2,117
3501,60,3,137
3502,60,4,134
3503,60,5,137
3504,60,6,121
3505,60,7,156
3506,60,8,184
3507,60,9,199
3508,60,10,112
3509,60,11,131
3510,60,12,139
3511,60,13,123
3512,60,14,158
3513,60,15,186
3514,60,16,139
3515,60,17,132
3516,60,18,147
3517,60,19,141
3518,60,20,125
3519,60,21,141
3520,60,22,113
3521,60,23,387
3522,60,24,506
3523,60,25,551
3524,60,26,510
3525,60,27,519
3526,60,28,470
3527,60,29,540
3528,60,30,415
3529,60,31,516
3530,60,32,529
3531,60,33,494
3532,60,34,540
3533,60,35,490
3534,60,36,480
3535,60,37,671
3536,60,38,642
3537,60,39,551
3538,60,40,552
3539,60,41,547
3540,60,42,461
3541,60,43,491
3542,60,44,533
3543,60,45,519
3544,60,46,552
3545,60,47,528
3546,60,48,606
3547,60,49,488
3548,60,50,452
3549,60,51,581
3550,60,52,521
3551,49,0,381
3552,49,1,386
3553,49,2,435
3554,49,3,481
3555,49,4,378
3556,49,5,448
3557,49,6,358
3558,49,7,377
3559,49,8,468
3560,49,9,545
3561,49,10,491
3562,49,11,367
3563,49,12,366
3564,49,13,370
3565,49,14,482
3566,49,15,566
3567,49,16,317
3568,49,17,322
3569,49,18,272
3570,49,19,221
3571,49,20,246
3572,49,21,264
3573,49,22,215
3574,49,23,271
3575,49,24,403
3576,49,25,233
3577,49,26,218
3578,49,27,517
3579,49,28,345
3580,49,29,472
3581,49,30,273
3582,49,31,366
3583,49,32,327
3584,49,33,334
3585,49,34,421
3586,49,35,373
3587,49,36,372
3588,49,37,433
3589,49,38,397
3590,49,39,343
3591,49,40,359
3592,49,41,353
3593,49,42,316
3594,49,43,304
3595,49,44,335
3596,49,45,353
3597,49,46,346
3598,49,47,324
3599,49,48,381
3600,49,49,333
3601,49,50,452
3602,49,51,308
3603,49,52,257
3604,63,0,71
3605,63,1,83
3606,63,2,42
3607,63,3,69
3608,63,4,99
3609,63,5,78
3610,63,6,81
3611,63,7,65
3612,63,8,88
3613,63,9,80
3614,63,10,93
3615,63,11,78
3616,63,12,87
3617,63,13,93
3618,63,14,107
3619,63,15,103
3620,63,16,65
3621,63,17,87
3622,63,18,96
3623,63,19,85
3624,63,20,88
3625,63,21,93
3626,63,22,90
3627,63,23,183
3628,63,24,443
3629,63,25,331
3630,63,26,345
3631,63,27,341
3632,63,28,241
3633,63,29,293
3634,63,30,277
3635,63,31,484
3636,63,32,215
3637,63,33,285
3638,63,34,349
3639,63,35,278
3640,63,36,323
3641,63,37,300
3642,63,38,378
3643,63,39,366
3644,63,40,307
3645,63,41,302
3646,63,42,266
3647,63,43,375
3648,63,44,294
3649,63,45,300
3650,63,46,324
3651,63,47,339
3652,63,48,359
3653,63,49,326
3654,63,50,301
3655,63,51,284
3656,63,52,301
3657,59,0,144
3658,59,1,133
3659,59,2,192
3660,59,3,185
3661,59,4,165
3662,59,5,175
3663,59,6,183
3664,59,7,159
3665,59,8,189
3666,59,9,204
3667,59,10,235
3668,59,11,216
3669,59,12,199
3670,59,13,226
3671,59,14,197
3672,59,15,240
3673,59,16,220
3674,59,17,198
3675,59,18,345
3676,59,19,210
3677,59,20,169
3678,59,21,186
3679,59,22,214
3680,59,23,260
3681,59,24,315
3682,59,25,319
3683,59,26,341
3684,59,27,338
3685,59,28,283
3686,59,29,220
3687,59,30,263
3688,59,31,301
3689,59,32,334
3690,59,33,312
3691,59,34,310
3692,59,35,236
3693,59,36,328
3694,59,37,320
3695,59,38,325
3696,59,39,477
3697,59,40,364
3698,59,41,377
3699,59,42,305
3700,59,43,315
3701,59,44,331
3702,59,45,342
3703,59,46,337
3704,59,47,336
3705,59,48,313
3706,59,49,197
3707,59,50,173
3708,59,51,282
3709,59,52,308
3710,6,0,379
3711,6,1,386
3712,6,2,391
3713,6,3,436
3714,6,4,386
3715,6,5,441
3716,6,6,373
3717,6,7,395
3718,6,8,636
3719,6,9,490
3720,6,10,485
3721,6,11,386
3722,6,12,454
3723,6,13,321
3724,6,14,425
3725,6,15,345
3726,6,16,404
3727,6,17,321
3728,6,18,365
3729,6,19,471
3730,6,20,376
3731,6,21,410
3732,6,22,478
3733,6,23,412
3734,6,24,406
3735,6,25,353
3736,6,26,342
3737,6,27,395
3738,6,28,333
3739,6,29,454
3740,6,30,389
3741,6,31,346
3742,6,32,415
3743,6,33,359
3744,6,34,436
3745,6,35,397
3746,6,36,445
3747,6,37,409
3748,6,38,352
3749,6,39,358
3750,6,40,429
3751,6,41,400
3752,6,42,361
3753,6,43,285
3754,6,44,499
3755,6,45,418
3756,6,46,441
3757,6,47,451
3758,6,48,459
3759,6,49,386
3760,6,50,411
3761,6,51,457
3762,6,52,385
3763,44,0,94
3764,44,1,112
3765,44,2,109
3766,44,3,145
3767,44,4,108
3768,44,5,126
3769,44,6,104
3770,44,7,129
3771,44,8,90
3772,44,9,127
3773,44,10,128
3774,44,11,97
3775,44,12,108
3776,44,13,76
3777,44,14,105
3778,44,15,110
3779,44,16,120
3780,44,17,66
3781,44,18,104
3782,44,19,107
3783,44,20,94
3784,44,21,174
3785,44,22,140
3786,44,23,561
3787,44,24,779
3788,44,25,784
3789,44,26,755
3790,44,27,775
3791,44,28,722
3792,44,29,780
3793,44,30,634
3794,44,31,631
3795,44,32,702
3796,44,33,732
3797,44,34,746
3798,44,35,783
3799,44,36,777
3800,44,37,772
3801,44,38,809
3802,44,39,750
3803,44,40,801
3804,44,41,799
3805,44,42,728
3806,44,43,767
3807,44,44,793
3808,44,45,809
3809,44,46,819
3810,44,47,730
3811,44,48,845
3812,44,49,487
3813,44,50,640
3814,44,51,692
3815,44,52,711
3816,61,0,222
3817,61,1,208
3818,61,2,167
3819,61,3,179
3820,61,4,190
3821,61,5,204
3822,61,6,224
3823,61,7,208
3824,61,8,248
3825,61,9,288
3826,61,10,295
3827,61,11,202
3828,61,12,174
3829,61,13,223
3830,61,14,153
3831,61,15,107
3832,61,16,248
3833,61,17,195
3834,61,18,198
3835,61,19,178
3836,61,20,188
3837,61,21,202
3838,61,22,221
3839,61,23,267
3840,61,24,210
3841,61,25,216
3842,61,26,196
3843,61,27,241
3844,61,28,227
3845,61,29,184
3846,61,30,141
3847,61,31,131
3848,61,32,191
3849,61,33,274
3850,61,34,214
3851,61,35,161
3852,61,36,268
3853,61,37,186
3854,61,38,237
3855,61,39,207
3856,61,40,179
3857,61,41,195
3858,61,42,230
3859,61,43,219
3860,61,44,224
3861,61,45,266
3862,61,46,228
3863,61,47,293
3864,61,48,312
3865,61,49,108
3866,61,50,151
3867,61,51,185
3868,61,52,197
3922,57,0,116
3923,57,1,127
3924,57,2,154
3925,57,3,140
3926,57,4,181
3927,57,5,148
3928,57,6,131
3929,57,7,150
3930,57,8,133
3931,57,9,146
3932,57,10,111
3933,57,11,104
3934,57,12,134
3935,57,13,121
3936,57,14,124
3937,57,15,105
3938,57,16,146
3939,57,17,110
3940,57,18,154
3941,57,19,103
3942,57,20,139
3943,57,21,172
3944,57,22,135
3945,57,23,590
3946,57,24,1178
3947,57,25,1278
3948,57,26,1192
3949,57,27,1066
3950,57,28,963
3951,57,29,962
3952,57,30,777
3953,57,31,930
3954,57,32,958
3955,57,33,1204
3956,57,34,963
3957,57,35,836
3958,57,36,1010
3959,57,37,994
3960,57,38,921
3961,57,39,1107
3962,57,40,1157
3963,57,41,955
3964,57,42,936
3965,57,43,940
3966,57,44,928
3967,57,45,786
3968,57,46,920
3969,57,47,937
3970,57,48,1124
3971,57,49,626
3972,57,50,399
3973,57,51,742
3974,57,52,792
3975,40,0,55
3976,40,1,51
3977,40,2,62
3978,40,3,49
3979,40,4,48
3980,40,5,73
3981,40,6,40
3982,40,7,47
3983,40,8,54
3984,40,9,46
3985,40,10,44
3986,40,11,43
3987,40,12,38
3988,40,13,66
3989,40,14,52
3990,40,15,24
3991,40,16,43
3992,40,17,52
3993,40,18,59
3994,40,19,47
3995,40,20,46
3996,40,21,41
3997,40,22,38
3998,40,23,61
3999,40,24,42
4000,40,25,150
4001,40,26,120
4002,40,27,173
4003,40,28,157
4004,40,29,122
4005,40,30,123
4006,40,31,199
4007,40,32,107
4008,40,33,124
4009,40,34,117
4010,40,35,103
4011,40,36,99
4012,40,37,83
4013,40,38,87
4014,40,39,87
4015,40,40,101
4016,40,41,120
4017,40,42,101
4018,40,43,73
4019,40,44,132
4020,40,45,133
4021,40,46,138
4022,40,47,125
4023,40,48,109
4024,40,49,120
4025,40,50,23
4026,40,51,92
4027,40,52,135
4028,65,0,88
4029,65,1,100
4030,65,2,83
4031,65,3,94
4032,65,4,80
4033,65,5,86
4034,65,6,107
4035,65,7,80
4036,65,8,122
4037,65,9,99
4038,65,10,134
4039,65,11,130
4040,65,12,74
4041,65,13,129
4042,65,14,99
4043,65,15,122
4044,65,16,110
4045,65,17,106
4046,65,18,107
4047,65,19,99
4048,65,20,130
4049,65,21,97
4050,65,22,94
4051,65,23,205
4052,65,24,407
4053,65,25,383
4054,65,26,417
4055,65,27,383
4056,65,28,363
4057,65,29,389
4058,65,30,302
4059,65,31,358
4060,65,32,355
4061,65,33,375
4062,65,34,353
4063,65,35,384
4064,65,36,416
4065,65,37,429
4066,65,38,456
4067,65,39,418
4068,65,40,391
4069,65,41,391
4070,65,42,336
4071,65,43,405
4072,65,44,420
4073,65,45,386
4074,65,46,413
4075,65,47,467
4076,65,48,501
4077,65,49,227
4078,65,50,229
4079,65,51,397
4080,65,52,363
4081,48,0,36
4082,48,1,35
4083,48,2,34
4084,48,3,70
4085,48,4,68
4086,48,5,33
4087,48,6,38
4088,48,7,45
4089,48,8,43
4090,48,9,18
4091,48,10,32
4092,48,11,58
4093,48,12,27
4094,48,13,41
4095,48,14,28
4096,48,15,35
4097,48,16,35
4098,48,17,54
4099,48,18,59
4100,48,19,44
4101,48,20,43
4102,48,21,32
4103,48,22,39
4104,48,23,155
4105,48,24,211
4106,48,25,197
4107,48,26,219
4108,48,27,187
4109,48,28,163
4110,48,29,206
4111,48,30,176
4112,48,31,232
4113,48,32,170
4114,48,33,173
4115,48,34,209
4116,48,35,203
4117,48,36,195
4118,48,37,213
4119,48,38,167
4120,48,39,200
4121,48,40,200
4122,48,41,180
4123,48,42,150
4124,48,43,166
4125,48,44,223
4126,48,45,170
4127,48,46,253
4128,48,47,230
4129,48,48,255
4130,48,49,229
4131,48,50,204
4132,48,51,219
4133,48,52,208
4134,71,0,90
4135,71,1,114
4136,71,2,148
4137,71,3,132
4138,71,4,148
4139,71,5,153
4140,71,6,159
4141,71,7,297
4142,71,8,394
4143,71,9,418
4144,71,10,322
4145,71,11,313
4146,71,12,271
4147,71,13,265
4148,71,14,294
4149,71,15,335
4150,71,16,272
4151,71,17,353
4152,71,18,281
4153,71,19,278
4154,71,20,251
4155,71,21,282
4156,71,22,270
4157,71,23,357
4158,71,24,387
4159,71,25,403
4160,71,26,387
4161,71,27,347
4162,71,28,381
4163,71,29,380
4164,71,30,348
4165,71,31,402
4166,71,32,394
4167,71,33,396
4168,71,34,468
4169,71,35,388
4170,71,36,490
4171,71,37,526
4172,71,38,545
4173,71,39,484
4174,71,40,472
4175,71,41,461
4176,71,42,386
4177,71,43,393
4178,71,44,434
4179,71,45,420
4180,71,46,409
4181,71,47,396
4182,71,48,506
4183,71,49,254
4184,71,50,230
4185,71,51,371
4186,71,52,347
4187,5,0,64
4188,5,1,90
4189,5,2,72
4190,5,3,73
4191,5,4,57
4192,5,5,80
4193,5,6,60
4194,5,7,83
4195,5,8,91
4196,5,9,76
4197,5,10,80
4198,5,11,71
4199,5,12,67
4200,5,13,86
4201,5,14,57
4202,5,15,43
4203,5,16,81
4204,5,17,71
4205,5,18,56
4206,5,19,71
4207,5,20,72
4208,5,21,69
4209,5,22,70
4210,5,23,105
4211,5,24,97
4212,5,25,113
4213,5,26,29
4214,5,27,101
4215,5,28,88
4216,5,29,61
4217,5,30,106
4218,5,31,64
4219,5,32,78
4220,5,33,83
4221,5,34,71
4222,5,35,123
4223,5,36,90
4224,5,37,106
4225,5,38,107
4226,5,39,125
4227,5,40,135
4228,5,41,133
4229,5,42,116
4230,5,43,109
4231,5,44,145
4232,5,45,128
4233,5,46,154
4234,5,47,192
4235,5,48,190
4236,5,49,152
4237,5,50,46
4238,5,51,106
4239,5,52,109
4240,34,0,180
4241,34,1,182
4242,34,2,213
4243,34,3,255
4244,34,4,198
4245,34,5,199
4246,34,6,190
4247,34,7,197
4248,34,8,236
4249,34,9,233
4250,34,10,205
4251,34,11,176
4252,34,12,229
4253,34,13,202
4254,34,14,216
4255,34,15,241
4256,34,16,188
4257,34,17,221
4258,34,18,241
4259,34,19,245
4260,34,20,223
4261,34,21,210
4262,34,22,250
4263,34,23,408
4264,34,24,621
4265,34,25,765
4266,34,26,714
4267,34,27,710
4268,34,28,683
4269,34,29,516
4270,34,30,470
4271,34,31,441
4272,34,32,505
4273,34,33,444
4274,34,34,496
4275,34,35,521
4276,34,36,342
4277,34,37,293
4278,34,38,311
4279,34,39,360
4280,34,40,336
4281,34,41,336
4282,34,42,319
4283,34,43,326
4284,34,44,366
4285,34,45,349
4286,34,46,381
4287,34,47,392
4288,34,48,406
4289,34,49,297
4290,34,50,349
4291,34,51,311
4292,34,52,369
